FileName,Size,DownloadLink,CoverArtLink
9MM (Android).zip,866.55 MB,https://archive.org/download/longplayexpresscollection/9MM (Android).zip,
Asphalt 4 Elite Racing (iOS).ipa,87.10 MB,https://archive.org/download/longplayexpresscollection/Asphalt 4 Elite Racing (iOS).ipa,
"Assassin's Creed Altair's Chronicles (Android, Requires F1 VM).zip",126.46 MB,"https://archive.org/download/longplayexpresscollection/Assassin's Creed Altair's Chronicles (Android, Requires F1 VM).zip",
Assassin's Creed II Discovery (iOS).ipa,146.56 MB,https://archive.org/download/longplayexpresscollection/Assassin's Creed II Discovery (iOS).ipa,
Assassin's Creed Rebellion Installer (Android).apk,784.77 MB,https://archive.org/download/longplayexpresscollection/Assassin's Creed Rebellion Installer (Android).apk,
BackStab (Android).zip,939.61 MB,https://archive.org/download/longplayexpresscollection/BackStab (Android).zip,
Batman Arkham City Lockdown (iOS).ipa,593.55 MB,https://archive.org/download/longplayexpresscollection/Batman Arkham City Lockdown (iOS).ipa,
Battlefield Bad Company 2 (iOS).ipa,264.72 MB,https://archive.org/download/longplayexpresscollection/Battlefield Bad Company 2 (iOS).ipa,
Bioshock (iOS).ipa,1.52 GB,https://archive.org/download/longplayexpresscollection/Bioshock (iOS).ipa,
Bioshock iOS Art Book.zip,41.67 MB,https://archive.org/download/longplayexpresscollection/Bioshock iOS Art Book.zip,
Brothers in Arms 2 Global Front (Android).zip,205.62 MB,https://archive.org/download/longplayexpresscollection/Brothers in Arms 2 Global Front (Android).zip,
Brothers in Arms 2 Global Front Free+ (iOS).ipa,278.61 MB,https://archive.org/download/longplayexpresscollection/Brothers in Arms 2 Global Front Free+ (iOS).ipa,
Brothers in Arms 3 Sons of War (Android).zip,670.92 MB,https://archive.org/download/longplayexpresscollection/Brothers in Arms 3 Sons of War (Android).zip,
Brothers in Arms Hour of Heroes (iOS).ipa,87.26 MB,https://archive.org/download/longplayexpresscollection/Brothers in Arms Hour of Heroes (iOS).ipa,
Call of Duty Black Ops Zombies (Android).zip,328.30 MB,https://archive.org/download/longplayexpresscollection/Call of Duty Black Ops Zombies (Android).zip,
Call of Duty Strike Team (Android).zip,1008.84 MB,https://archive.org/download/longplayexpresscollection/Call of Duty Strike Team (Android).zip,
Call of Duty World at War Zombies (iOS).ipa,49.01 MB,https://archive.org/download/longplayexpresscollection/Call of Duty World at War Zombies (iOS).ipa,
Captain America Sentinel of Liberty (iOS).ipa,133.88 MB,https://archive.org/download/longplayexpresscollection/Captain America Sentinel of Liberty (iOS).ipa,
Castle of Magic (iOS).ipa,75.61 MB,https://archive.org/download/longplayexpresscollection/Castle of Magic (iOS).ipa,
Crash Bandicoot Nitro Kart 2 (iOS).ipa,71.02 MB,https://archive.org/download/longplayexpresscollection/Crash Bandicoot Nitro Kart 2 (iOS).ipa,
Crash Bandicoot Nitro Kart 3D (iOS).ipa,7.37 MB,https://archive.org/download/longplayexpresscollection/Crash Bandicoot Nitro Kart 3D (iOS).ipa,
DOOM Resurrection (iOS).ipa,78.78 MB,https://archive.org/download/longplayexpresscollection/DOOM Resurrection (iOS).ipa,
Dead Rising Mobile (iOS).ipa,181.80 MB,https://archive.org/download/longplayexpresscollection/Dead Rising Mobile (iOS).ipa,
Dead Space (iOS).ipa,425.70 MB,https://archive.org/download/longplayexpresscollection/Dead Space (iOS).ipa,
Dead Trigger (Android).apk,297.63 MB,https://archive.org/download/longplayexpresscollection/Dead Trigger (Android).apk,
Devil May Cry 4 Refrain (iOS).ipa,153.33 MB,https://archive.org/download/longplayexpresscollection/Devil May Cry 4 Refrain (iOS).ipa,
Doodle Jump Christmas Special (iOS).ipa,17.18 MB,https://archive.org/download/longplayexpresscollection/Doodle Jump Christmas Special (iOS).ipa,
Doodle Jump DC Heroes (Android).apk,23.63 MB,https://archive.org/download/longplayexpresscollection/Doodle Jump DC Heroes (Android).apk,
Doodle Jump Easter Special (iOS).ipa,7.38 MB,https://archive.org/download/longplayexpresscollection/Doodle Jump Easter Special (iOS).ipa,
Doodle Jump HOP the Movie (iOS).ipa,20.67 MB,https://archive.org/download/longplayexpresscollection/Doodle Jump HOP the Movie (iOS).ipa,
Doodle Jump SpongeBob SquarePants (iOS).ipa,46.68 MB,https://archive.org/download/longplayexpresscollection/Doodle Jump SpongeBob SquarePants (iOS).ipa,
Doodle Jump v3.5.3 (iOS).ipa,29.98 MB,https://archive.org/download/longplayexpresscollection/Doodle Jump v3.5.3 (iOS).ipa,
Doom 2 RPG (iOS).ipa,59.56 MB,https://archive.org/download/longplayexpresscollection/Doom 2 RPG (iOS).ipa,
Doom RPG (Windows),7.88 MB,https://archive.org/download/longplayexpresscollection/Doom RPG (Windows),
Driver (iOS).ipa,403.67 MB,https://archive.org/download/longplayexpresscollection/Driver (iOS).ipa,
Dungeon Hunter (Android).zip,199.39 MB,https://archive.org/download/longplayexpresscollection/Dungeon Hunter (Android).zip,
Dungeon Hunter 2 (Android).zip,499.64 MB,https://archive.org/download/longplayexpresscollection/Dungeon Hunter 2 (Android).zip,
Earthworm Jim (iOS).ipa,108.84 MB,https://archive.org/download/longplayexpresscollection/Earthworm Jim (iOS).ipa,
Eternal Legacy (Android).zip,459.49 MB,https://archive.org/download/longplayexpresscollection/Eternal Legacy (Android).zip,
Evil Dead The Game (iOS).ipa,61.73 MB,https://archive.org/download/longplayexpresscollection/Evil Dead The Game (iOS).ipa,
F1 VM (Android).apk,356.06 MB,https://archive.org/download/longplayexpresscollection/F1 VM (Android).apk,
FIFA 10 (iOS).ipa,60.48 MB,https://archive.org/download/longplayexpresscollection/FIFA 10 (iOS).ipa,
FIFA 11 (iOS).ipa,923.87 MB,https://archive.org/download/longplayexpresscollection/FIFA 11 (iOS).ipa,
FIFA 12 (iOS).ipa,1.05 GB,https://archive.org/download/longplayexpresscollection/FIFA 12 (iOS).ipa,
FIFA 13 (iOS).ipa,1.37 GB,https://archive.org/download/longplayexpresscollection/FIFA 13 (iOS).ipa,
FIFA 14 (iOS).ipa,1.12 GB,https://archive.org/download/longplayexpresscollection/FIFA 14 (iOS).ipa,
FIFA 15 (Android).zip,952.40 MB,https://archive.org/download/longplayexpresscollection/FIFA 15 (Android).zip,
FIFA 16 (Android).zip,1.63 GB,https://archive.org/download/longplayexpresscollection/FIFA 16 (Android).zip,
FIFA 2010 World Cup South Africa (iOS).ipa,38.69 MB,https://archive.org/download/longplayexpresscollection/FIFA 2010 World Cup South Africa (iOS).ipa,
FIFA Superstars (iOS).ipa,17.53 MB,https://archive.org/download/longplayexpresscollection/FIFA Superstars (iOS).ipa,
Fast & Furious (iOS).ipa,16.32 MB,https://archive.org/download/longplayexpresscollection/Fast & Furious (iOS).ipa,
Fast & Furious Adrenaline (iOS).ipa,56.52 MB,https://archive.org/download/longplayexpresscollection/Fast & Furious Adrenaline (iOS).ipa,
Fast Five the Movie Official Game (iOS).ipa,452.57 MB,https://archive.org/download/longplayexpresscollection/Fast Five the Movie Official Game (iOS).ipa,
Frontline Commando (Android).apk,158.28 MB,https://archive.org/download/longplayexpresscollection/Frontline Commando (Android).apk,
"Gangstar City (Android, Modded).apk",31.72 MB,"https://archive.org/download/longplayexpresscollection/Gangstar City (Android, Modded).apk",
Gangstar Miami Vindication (Android).zip,163.73 MB,https://archive.org/download/longplayexpresscollection/Gangstar Miami Vindication (Android).zip,
Gangstar Rio City of Saints v1.0.0 (Android).apk,7.99 MB,https://archive.org/download/longplayexpresscollection/Gangstar Rio City of Saints v1.0.0 (Android).apk,
Gangstar Rio City of Saints v1.2.1 (Android).zip,847.81 MB,https://archive.org/download/longplayexpresscollection/Gangstar Rio City of Saints v1.2.1 (Android).zip,
"Gangstar Vegas (iOS, v1.5.0).ipa",1.20 GB,"https://archive.org/download/longplayexpresscollection/Gangstar Vegas (iOS, v1.5.0).ipa",
"Gangstar West Coast Hustle (Android, Requires F1 VM).apk",5.24 MB,"https://archive.org/download/longplayexpresscollection/Gangstar West Coast Hustle (Android, Requires F1 VM).apk",
Hero of Sparta (Android).zip,75.41 MB,https://archive.org/download/longplayexpresscollection/Hero of Sparta (Android).zip,
Hero of Sparta II (iOS).ipa,325.51 MB,https://archive.org/download/longplayexpresscollection/Hero of Sparta II (iOS).ipa,
Infinity Blade (iOS).ipa,584.18 MB,https://archive.org/download/longplayexpresscollection/Infinity Blade (iOS).ipa,
Infinity Blade (iPad).ipa,311.20 MB,https://archive.org/download/longplayexpresscollection/Infinity Blade (iPad).ipa,
Infinity Blade II (iOS).ipa,1.04 GB,https://archive.org/download/longplayexpresscollection/Infinity Blade II (iOS).ipa,
"Into the Dead (Modded, Android).apk",154.10 MB,"https://archive.org/download/longplayexpresscollection/Into the Dead (Modded, Android).apk",
Iron Man 2 (iOS).ipa,414.55 MB,https://archive.org/download/longplayexpresscollection/Iron Man 2 (iOS).ipa,
"Iron Man 3 The Official Game (Android, Modded).apk",14.51 MB,"https://archive.org/download/longplayexpresscollection/Iron Man 3 The Official Game (Android, Modded).apk",
Iron Man Aerial Assault (iOS).ipa,35.42 MB,https://archive.org/download/longplayexpresscollection/Iron Man Aerial Assault (iOS).ipa,
James Cameron's Avatar (Android).zip,100.78 MB,https://archive.org/download/longplayexpresscollection/James Cameron's Avatar (Android).zip,
LEGO Batman Beyond Gotham (iOS).ipa,1.17 GB,https://archive.org/download/longplayexpresscollection/LEGO Batman Beyond Gotham (iOS).ipa,
LEGO Batman DC Superheroes (iOS).ipa,1.18 GB,https://archive.org/download/longplayexpresscollection/LEGO Batman DC Superheroes (iOS).ipa,
LEGO Batman Gotham City Games (iOS).ipa,90.40 MB,https://archive.org/download/longplayexpresscollection/LEGO Batman Gotham City Games (iOS).ipa,
LEGO Batman The Mobile Game (Android).apk,6.97 MB,https://archive.org/download/longplayexpresscollection/LEGO Batman The Mobile Game (Android).apk,
MMA by EA Sports (iOS).ipa,109.85 MB,https://archive.org/download/longplayexpresscollection/MMA by EA Sports (iOS).ipa,
Mass Effect Infiltrator (iOS).ipa,659.87 MB,https://archive.org/download/longplayexpresscollection/Mass Effect Infiltrator (iOS).ipa,
"Metal Gear Solid Touch (iOS, v2.3.1).ipa",250.07 MB,"https://archive.org/download/longplayexpresscollection/Metal Gear Solid Touch (iOS, v2.3.1).ipa",
Mirrors Edge (iPad).ipa,135.33 MB,https://archive.org/download/longplayexpresscollection/Mirrors Edge (iPad).ipa,
Mirrors Edge (iPhone).ipa,103.44 MB,https://archive.org/download/longplayexpresscollection/Mirrors Edge (iPhone).ipa,
Modern Combat 2 Black Pegasus (Android).zip,298.57 MB,https://archive.org/download/longplayexpresscollection/Modern Combat 2 Black Pegasus (Android).zip,
Modern Combat 3 Fallen Nation (Android).zip,819.73 MB,https://archive.org/download/longplayexpresscollection/Modern Combat 3 Fallen Nation (Android).zip,
Modern Combat 4 Zero Hour (Android).zip,1.19 GB,https://archive.org/download/longplayexpresscollection/Modern Combat 4 Zero Hour (Android).zip,
Modern Combat Rebel Guns (Android).apk,51.72 MB,https://archive.org/download/longplayexpresscollection/Modern Combat Rebel Guns (Android).apk,
Modern Combat Sandstorm (Android).apk,7.78 MB,https://archive.org/download/longplayexpresscollection/Modern Combat Sandstorm (Android).apk,
N.O.V.A. (Android).zip,190.27 MB,https://archive.org/download/longplayexpresscollection/N.O.V.A. (Android).zip,
N.O.V.A. - Java Edition (Android).apk,8.58 MB,https://archive.org/download/longplayexpresscollection/N.O.V.A. - Java Edition (Android).apk,
N.O.V.A. 2 (Android).zip,424.10 MB,https://archive.org/download/longplayexpresscollection/N.O.V.A. 2 (Android).zip,
N.O.V.A. 3 (Android).zip,1.72 GB,https://archive.org/download/longplayexpresscollection/N.O.V.A. 3 (Android).zip,
N.O.V.A. 3 Bluestacks Control Scheme.cfg,21.72 KB,https://archive.org/download/longplayexpresscollection/N.O.V.A. 3 Bluestacks Control Scheme.cfg,
N.O.V.A. Legacy (Android).apk,46.20 MB,https://archive.org/download/longplayexpresscollection/N.O.V.A. Legacy (Android).apk,
Naughty Bear (iOS).ipa,55.52 MB,https://archive.org/download/longplayexpresscollection/Naughty Bear (iOS).ipa,
Paper Toss HD (iPad).ipa,16.77 MB,https://archive.org/download/longplayexpresscollection/Paper Toss HD (iPad).ipa,
Paper Toss World Tour (iOS).ipa,72.81 MB,https://archive.org/download/longplayexpresscollection/Paper Toss World Tour (iOS).ipa,
PlayStation All Stars Island (Android).apk,23.94 MB,https://archive.org/download/longplayexpresscollection/PlayStation All Stars Island (Android).apk,
Prince of Persia Classic (Android).zip,223.15 MB,https://archive.org/download/longplayexpresscollection/Prince of Persia Classic (Android).zip,
Prince of Persia The Shadow and The Flame (Android).apk,41.47 MB,https://archive.org/download/longplayexpresscollection/Prince of Persia The Shadow and The Flame (Android).apk,
Rayman 2 (iOS).ipa,237.27 MB,https://archive.org/download/longplayexpresscollection/Rayman 2 (iOS).ipa,
Resident Evil 4 (iOS).ipa,76.84 MB,https://archive.org/download/longplayexpresscollection/Resident Evil 4 (iOS).ipa,
Resident Evil Degeneration (iOS).ipa,12.29 MB,https://archive.org/download/longplayexpresscollection/Resident Evil Degeneration (iOS).ipa,
Resident Evil Mercenaries VS (iOS).ipa,28.78 MB,https://archive.org/download/longplayexpresscollection/Resident Evil Mercenaries VS (iOS).ipa,
RoboCop (Android).zip,92.12 MB,https://archive.org/download/longplayexpresscollection/RoboCop (Android).zip,
Sacred Odyssey Rise of Ayden (Android).zip,310.17 MB,https://archive.org/download/longplayexpresscollection/Sacred Odyssey Rise of Ayden (Android).zip,
Shadow Guardian (iOS).ipa,532.33 MB,https://archive.org/download/longplayexpresscollection/Shadow Guardian (iOS).ipa,
ShadowGun (iOS).ipa,194.93 MB,https://archive.org/download/longplayexpresscollection/ShadowGun (iOS).ipa,
Shrek Forever After (iOS).ipa,209.96 MB,https://archive.org/download/longplayexpresscollection/Shrek Forever After (iOS).ipa,
Shrek Kart (iOS).ipa,158.59 MB,https://archive.org/download/longplayexpresscollection/Shrek Kart (iOS).ipa,
Silent Hill The Escape (iOS).ipa,18.57 MB,https://archive.org/download/longplayexpresscollection/Silent Hill The Escape (iOS).ipa,
Silent Ops (iPad).ipa,656.71 MB,https://archive.org/download/longplayexpresscollection/Silent Ops (iPad).ipa,
Six-Guns (Android).zip,413.78 MB,https://archive.org/download/longplayexpresscollection/Six-Guns (Android).zip,
Six-Guns 1.0 (iOS).ipa,420.47 MB,https://archive.org/download/longplayexpresscollection/Six-Guns 1.0 (iOS).ipa,
Skate it (iOS).ipa,107.65 MB,https://archive.org/download/longplayexpresscollection/Skate it (iOS).ipa,
Skater Nation (iOS).ipa,142.35 MB,https://archive.org/download/longplayexpresscollection/Skater Nation (iOS).ipa,
Spider-Man Ultimate Power (Android).apk,13.86 MB,https://archive.org/download/longplayexpresscollection/Spider-Man Ultimate Power (Android).apk,
Splinter Cell Conviction (Android).zip,220.38 MB,https://archive.org/download/longplayexpresscollection/Splinter Cell Conviction (Android).zip,
Spore Creatures (iOS).ipa,72.41 MB,https://archive.org/download/longplayexpresscollection/Spore Creatures (iOS).ipa,
Spore Origins (iOS).ipa,69.87 MB,https://archive.org/download/longplayexpresscollection/Spore Origins (iOS).ipa,
Star Wars The Force Unleashed (iOS).ipa,20.00 MB,https://archive.org/download/longplayexpresscollection/Star Wars The Force Unleashed (iOS).ipa,
Suicide Squad Special Ops (Android).apk,126.38 MB,https://archive.org/download/longplayexpresscollection/Suicide Squad Special Ops (Android).apk,
Super Monkey Ball (iOS).ipa,36.23 MB,https://archive.org/download/longplayexpresscollection/Super Monkey Ball (iOS).ipa,
TRON Legacy (iOS).ipa,163.36 MB,https://archive.org/download/longplayexpresscollection/TRON Legacy (iOS).ipa,
"Temple Run Oz (Android, Modded).apk",76.18 MB,"https://archive.org/download/longplayexpresscollection/Temple Run Oz (Android, Modded).apk",
Temple Run Oz (iOS).ipa,48.30 MB,https://archive.org/download/longplayexpresscollection/Temple Run Oz (iOS).ipa,
Terminator Salvation (iOS).ipa,123.23 MB,https://archive.org/download/longplayexpresscollection/Terminator Salvation (iOS).ipa,
The Adventures of Tintin (Android).apk,6.84 MB,https://archive.org/download/longplayexpresscollection/The Adventures of Tintin (Android).apk,
The Amazing Spider-Man (Android).zip,661.23 MB,https://archive.org/download/longplayexpresscollection/The Amazing Spider-Man (Android).zip,
The Amazing Spider-Man 2 Installer (Android).apk,627.69 MB,https://archive.org/download/longplayexpresscollection/The Amazing Spider-Man 2 Installer (Android).apk,
The Conduit HD (Android).zip,750.74 MB,https://archive.org/download/longplayexpresscollection/The Conduit HD (Android).zip,
The Dark Knight Rises (Android).zip,888.21 MB,https://archive.org/download/longplayexpresscollection/The Dark Knight Rises (Android).zip,
"The Elder Scrolls Blades (Android, Modded).zip",89.73 MB,"https://archive.org/download/longplayexpresscollection/The Elder Scrolls Blades (Android, Modded).zip",
The Fast and the Furious Pink Slip 3D (iOS).ipa,23.75 MB,https://archive.org/download/longplayexpresscollection/The Fast and the Furious Pink Slip 3D (iOS).ipa,
The Sims 3 (iOS).ipa,62.33 MB,https://archive.org/download/longplayexpresscollection/The Sims 3 (iOS).ipa,
Thor Son of Asgard (iOS).ipa,318.71 MB,https://archive.org/download/longplayexpresscollection/Thor Son of Asgard (iOS).ipa,
Tom Clancy's H.A.W.X (Android).zip,91.28 MB,https://archive.org/download/longplayexpresscollection/Tom Clancy's H.A.W.X (Android).zip,
Tom Clancy's Rainbow Six Shadow Vanguard (Android).zip,553.69 MB,https://archive.org/download/longplayexpresscollection/Tom Clancy's Rainbow Six Shadow Vanguard (Android).zip,
Ultimate Spider-Man Total Mayhem (iOS).ipa,465.63 MB,https://archive.org/download/longplayexpresscollection/Ultimate Spider-Man Total Mayhem (iOS).ipa,
Urban Crime (iOS).ipa,429.54 MB,https://archive.org/download/longplayexpresscollection/Urban Crime (iOS).ipa,
Waterslide 2 (iOS).ipa,16.66 MB,https://archive.org/download/longplayexpresscollection/Waterslide 2 (iOS).ipa,
Waterslide Extreme (iOS).ipa,10.22 MB,https://archive.org/download/longplayexpresscollection/Waterslide Extreme (iOS).ipa,
Wild Blood (Android).zip,1.46 GB,https://archive.org/download/longplayexpresscollection/Wild Blood (Android).zip,
Wolfenstein RPG (iOS).ipa,32.86 MB,https://archive.org/download/longplayexpresscollection/Wolfenstein RPG (iOS).ipa,
Zombie Infection (iOS 5 or Below).ipa,219.80 MB,https://archive.org/download/longplayexpresscollection/Zombie Infection (iOS 5 or Below).ipa,
1_vs_100_320x480(v2.3.4).apk,869.13 KB,https://archive.org/download/gameloft-j2me-android/1_vs_100_320x480(v2.3.4).apk,
Abracadaball_320x480(v1.0.3).apk,921.55 KB,https://archive.org/download/gameloft-j2me-android/Abracadaball_320x480(v1.0.3).apk,
Abracadaball_320x480(v1.0.4).apk,923.58 KB,https://archive.org/download/gameloft-j2me-android/Abracadaball_320x480(v1.0.4).apk,
Alien_Quarantine_240x320(v1.2.0).apk,4.25 MB,https://archive.org/download/gameloft-j2me-android/Alien_Quarantine_240x320(v1.2.0).apk,
Alien_Quarantine_320x480(v1.2.0).apk,5.92 MB,https://archive.org/download/gameloft-j2me-android/Alien_Quarantine_320x480(v1.2.0).apk,
Alien_Quarantine_480x800(v1.2.0).apk,6.92 MB,https://archive.org/download/gameloft-j2me-android/Alien_Quarantine_480x800(v1.2.0).apk,
Alien_Quarantine_480x800(v1.2.5).apk,7.42 MB,https://archive.org/download/gameloft-j2me-android/Alien_Quarantine_480x800(v1.2.5).apk,
Alien_Quarantine_480x800(v1.2.6).apk,7.28 MB,https://archive.org/download/gameloft-j2me-android/Alien_Quarantine_480x800(v1.2.6).apk,
Asphalt 6.apk,6.75 MB,https://archive.org/download/gameloft-j2me-android/Asphalt 6.apk,
Asphalt_3_Street_Rules_320x480(v1.0).apk,4.75 MB,https://archive.org/download/gameloft-j2me-android/Asphalt_3_Street_Rules_320x480(v1.0).apk,
Asphalt_6_Adrenaline_240x320(v3.1.3).apk,3.80 MB,https://archive.org/download/gameloft-j2me-android/Asphalt_6_Adrenaline_240x320(v3.1.3).apk,
Asphalt_6_Adrenaline_320x480(v3.0.7).apk,814.84 KB,https://archive.org/download/gameloft-j2me-android/Asphalt_6_Adrenaline_320x480(v3.0.7).apk,
Asphalt_6_Adrenaline_320x480(v3.1.1).apk,1.84 MB,https://archive.org/download/gameloft-j2me-android/Asphalt_6_Adrenaline_320x480(v3.1.1).apk,
Asphalt_6_Adrenaline_320x480_Demo(v1.0.7).apk,6.41 MB,https://archive.org/download/gameloft-j2me-android/Asphalt_6_Adrenaline_320x480_Demo(v1.0.7).apk,
Asphalt_6_Adrenaline_480x800(v1.2.4).apk,7.76 MB,https://archive.org/download/gameloft-j2me-android/Asphalt_6_Adrenaline_480x800(v1.2.4).apk,
Asphalt_6_Adrenaline_480x800(v3.1.3).apk,2.32 MB,https://archive.org/download/gameloft-j2me-android/Asphalt_6_Adrenaline_480x800(v3.1.3).apk,
Asphalt_6_Adrenaline_480x854(v1.0.4).apk,6.85 MB,https://archive.org/download/gameloft-j2me-android/Asphalt_6_Adrenaline_480x854(v1.0.4).apk,
Assain's Creed - Brotherhood.apk,3.46 MB,https://archive.org/download/gameloft-j2me-android/Assain's Creed - Brotherhood.apk,
Assasin's Creed - Revelations.apk,18.12 MB,https://archive.org/download/gameloft-j2me-android/Assasin's Creed - Revelations.apk,
Assasin's Creed III.apk,6.53 MB,https://archive.org/download/gameloft-j2me-android/Assasin's Creed III.apk,
Assassin's_Creed_320x480(v1.0.3).apk,1.40 MB,https://archive.org/download/gameloft-j2me-android/Assassin's_Creed_320x480(v1.0.3).apk,
Assassin's_Creed_320x480(v3.6.2).apk,2.85 MB,https://archive.org/download/gameloft-j2me-android/Assassin's_Creed_320x480(v3.6.2).apk,
Assassin's_Creed_3_240x320(v1.1.1).apk,3.68 MB,https://archive.org/download/gameloft-j2me-android/Assassin's_Creed_3_240x320(v1.1.1).apk,
Assassin's_Creed_3_320x480(v1.0.8).apk,4.32 MB,https://archive.org/download/gameloft-j2me-android/Assassin's_Creed_3_320x480(v1.0.8).apk,
Assassin's_Creed_3_320x480(v2.0.0).apk,5.38 MB,https://archive.org/download/gameloft-j2me-android/Assassin's_Creed_3_320x480(v2.0.0).apk,
Assassin's_Creed_3_480x800(v1.1.3).apk,5.88 MB,https://archive.org/download/gameloft-j2me-android/Assassin's_Creed_3_480x800(v1.1.3).apk,
Assassin's_Creed_3_480x800(v2.0.0).apk,8.54 MB,https://archive.org/download/gameloft-j2me-android/Assassin's_Creed_3_480x800(v2.0.0).apk,
Assassin's_Creed_480x800(v3.1.1).apk,1.43 MB,https://archive.org/download/gameloft-j2me-android/Assassin's_Creed_480x800(v3.1.1).apk,
Assassin's_Creed_Brotherhood_240x320(v1.0.4).apk,2.35 MB,https://archive.org/download/gameloft-j2me-android/Assassin's_Creed_Brotherhood_240x320(v1.0.4).apk,
Assassin's_Creed_Brotherhood_320x480(v3.1.5).apk,1.59 MB,https://archive.org/download/gameloft-j2me-android/Assassin's_Creed_Brotherhood_320x480(v3.1.5).apk,
Assassin's_Creed_Brotherhood_480x800(v3.1.3).apk,3.46 MB,https://archive.org/download/gameloft-j2me-android/Assassin's_Creed_Brotherhood_480x800(v3.1.3).apk,
Assassin's_Creed_II_320x480(v3.0.0).apk,2.06 MB,https://archive.org/download/gameloft-j2me-android/Assassin's_Creed_II_320x480(v3.0.0).apk,
Assassin's_Creed_Revelations_240x320(v1.0.7).apk,3.06 MB,https://archive.org/download/gameloft-j2me-android/Assassin's_Creed_Revelations_240x320(v1.0.7).apk,
Assassin's_Creed_Revelations_320x480(v1.0.7).apk,4.18 MB,https://archive.org/download/gameloft-j2me-android/Assassin's_Creed_Revelations_320x480(v1.0.7).apk,
Assassin's_Creed_Revelations_480x800(v1.0.7).apk,3.90 MB,https://archive.org/download/gameloft-j2me-android/Assassin's_Creed_Revelations_480x800(v1.0.7).apk,
Avatar.apk,1.86 MB,https://archive.org/download/gameloft-j2me-android/Avatar.apk,
Avatar_240x320_SP(v3.0.2).apk,595.07 KB,https://archive.org/download/gameloft-j2me-android/Avatar_240x320_SP(v3.0.2).apk,
Avatar_320x480(v3.2.7).apk,1.86 MB,https://archive.org/download/gameloft-j2me-android/Avatar_320x480(v3.2.7).apk,
Avatar_480x800(v3.2.7).apk,1.86 MB,https://archive.org/download/gameloft-j2me-android/Avatar_480x800(v3.2.7).apk,
Big_Range_Hunting_2_320x480(v0.0).apk,1.28 MB,https://archive.org/download/gameloft-j2me-android/Big_Range_Hunting_2_320x480(v0.0).apk,
Block Breaker 3 Unlimited.apk,5.90 MB,https://archive.org/download/gameloft-j2me-android/Block Breaker 3 Unlimited.apk,
Block_Breaker_3_Unlimited_240x320(v3.0.7).apk,1.69 MB,https://archive.org/download/gameloft-j2me-android/Block_Breaker_3_Unlimited_240x320(v3.0.7).apk,
Block_Breaker_3_Unlimited_320x480(v1.0.3).apk,5.14 MB,https://archive.org/download/gameloft-j2me-android/Block_Breaker_3_Unlimited_320x480(v1.0.3).apk,
Block_Breaker_3_Unlimited_480x800(v1.0.5).apk,1.58 MB,https://archive.org/download/gameloft-j2me-android/Block_Breaker_3_Unlimited_480x800(v1.0.5).apk,
Block_Breaker_3_Unlimited_480x854(v1.0.5).apk,5.90 MB,https://archive.org/download/gameloft-j2me-android/Block_Breaker_3_Unlimited_480x854(v1.0.5).apk,
Block_Breaker_Deluxe_2_320x480(v3.0.7).apk,2.03 MB,https://archive.org/download/gameloft-j2me-android/Block_Breaker_Deluxe_2_320x480(v3.0.7).apk,
Block_Breaker_Deluxe_2_320x480(v3.1.2).apk,2.31 MB,https://archive.org/download/gameloft-j2me-android/Block_Breaker_Deluxe_2_320x480(v3.1.2).apk,
Block_Breaker_Deluxe_2_480x800(v3.0.6).apk,2.71 MB,https://archive.org/download/gameloft-j2me-android/Block_Breaker_Deluxe_2_480x800(v3.0.6).apk,
Brain_Challenge_240x320(v1.0.3).apk,1.10 MB,https://archive.org/download/gameloft-j2me-android/Brain_Challenge_240x320(v1.0.3).apk,
Brain_Challenge_2_ZTE_Skate_Kis_Premium_320x480+_EN_v1.0.4.apk,1.22 MB,https://archive.org/download/gameloft-j2me-android/Brain_Challenge_2_ZTE_Skate_Kis_Premium_320x480+_EN_v1.0.4.apk,
Brain_Challenge_320x480(v3.0.7).apk,1.33 MB,https://archive.org/download/gameloft-j2me-android/Brain_Challenge_320x480(v3.0.7).apk,
Brain_Challenge_3_240x320(v3.0.5).apk,459.98 KB,https://archive.org/download/gameloft-j2me-android/Brain_Challenge_3_240x320(v3.0.5).apk,
Brain_Challenge_3_320x480(v3.0.4).apk,940.14 KB,https://archive.org/download/gameloft-j2me-android/Brain_Challenge_3_320x480(v3.0.4).apk,
Brain_Challenge_3_320x480(v3.1.5).apk,698.49 KB,https://archive.org/download/gameloft-j2me-android/Brain_Challenge_3_320x480(v3.1.5).apk,
Brain_Challenge_3_480x800(v3.0.9).apk,1.01 MB,https://archive.org/download/gameloft-j2me-android/Brain_Challenge_3_480x800(v3.0.9).apk,
Brain_Challenge_3_480x854(v3.1.8).apk,1.60 MB,https://archive.org/download/gameloft-j2me-android/Brain_Challenge_3_480x854(v3.1.8).apk,
Brain_Challenge_4_240x320(v1.0.7).apk,2.62 MB,https://archive.org/download/gameloft-j2me-android/Brain_Challenge_4_240x320(v1.0.7).apk,
Brain_Challenge_4_320x480(v1.0.8).apk,3.55 MB,https://archive.org/download/gameloft-j2me-android/Brain_Challenge_4_320x480(v1.0.8).apk,
Brain_Challenge_4_480x800(v1.0.4).apk,4.86 MB,https://archive.org/download/gameloft-j2me-android/Brain_Challenge_4_480x800(v1.0.4).apk,
Brain_Challenge_4_480x800(v1.1.0).apk,4.32 MB,https://archive.org/download/gameloft-j2me-android/Brain_Challenge_4_480x800(v1.1.0).apk,
Brain_Challenge_4_480x800(v1.1.8).apk,5.60 MB,https://archive.org/download/gameloft-j2me-android/Brain_Challenge_4_480x800(v1.1.8).apk,
Brain_Challenge_4_480x854(v1.0.4).apk,4.97 MB,https://archive.org/download/gameloft-j2me-android/Brain_Challenge_4_480x854(v1.0.4).apk,
BubbleBash_3_480x800_Premium_EN_v1.1.1.apk,7.06 MB,https://archive.org/download/gameloft-j2me-android/BubbleBash_3_480x800_Premium_EN_v1.1.1.apk,
Bubble_Bash(v1.16).apk,5.79 MB,https://archive.org/download/gameloft-j2me-android/Bubble_Bash(v1.16).apk,
Bubble_Bash_2_240x320(v1.0.9).apk,1.45 MB,https://archive.org/download/gameloft-j2me-android/Bubble_Bash_2_240x320(v1.0.9).apk,
Bubble_Bash_2_320x480(v3.0.8).apk,1.20 MB,https://archive.org/download/gameloft-j2me-android/Bubble_Bash_2_320x480(v3.0.8).apk,
Bubble_Bash_2_480x800(v3.1.0).apk,4.55 MB,https://archive.org/download/gameloft-j2me-android/Bubble_Bash_2_480x800(v3.1.0).apk,
Bubble_Bash_3_240x320(v1.0.7).apk,3.29 MB,https://archive.org/download/gameloft-j2me-android/Bubble_Bash_3_240x320(v1.0.7).apk,
Bubble_Bash_3_320x480(v1.1.4).apk,3.17 MB,https://archive.org/download/gameloft-j2me-android/Bubble_Bash_3_320x480(v1.1.4).apk,
Bubble_Bash_3_480x800(1.2.7).apk,6.62 MB,https://archive.org/download/gameloft-j2me-android/Bubble_Bash_3_480x800(1.2.7).apk,
Bubble_Bash_3_480x800(v3.1.1).apk,7.06 MB,https://archive.org/download/gameloft-j2me-android/Bubble_Bash_3_480x800(v3.1.1).apk,
Bubble_Bash_3_480x800+_Premium_EN_v1.0.3.apk,7.81 MB,https://archive.org/download/gameloft-j2me-android/Bubble_Bash_3_480x800+_Premium_EN_v1.0.3.apk,
Bubble_Bash_3_480x800_Paymium_EN_v1.1.2.apk,7.61 MB,https://archive.org/download/gameloft-j2me-android/Bubble_Bash_3_480x800_Paymium_EN_v1.1.2.apk,
Bubble_Bash_3_Demo(v1.0.1).apk,5.44 MB,https://archive.org/download/gameloft-j2me-android/Bubble_Bash_3_Demo(v1.0.1).apk,
Bubble_Bash_Mania_480x800(v1.0.1).apk,9.14 MB,https://archive.org/download/gameloft-j2me-android/Bubble_Bash_Mania_480x800(v1.0.1).apk,
Bubble_Bash_Mania_480x800(v1.3.7).apk,8.80 MB,https://archive.org/download/gameloft-j2me-android/Bubble_Bash_Mania_480x800(v1.3.7).apk,
CSI_Miami_320x480(v1.1.1).apk,1.14 MB,https://archive.org/download/gameloft-j2me-android/CSI_Miami_320x480(v1.1.1).apk,
CSI_Miami_480x800(v3.0.1).apk,963.18 KB,https://archive.org/download/gameloft-j2me-android/CSI_Miami_480x800(v3.0.1).apk,
Cars Hotshot Racing.apk,9.70 MB,https://archive.org/download/gameloft-j2me-android/Cars Hotshot Racing.apk,
Cars_Hotshot_Racing_320x480(v1.0.0).apk,6.35 MB,https://archive.org/download/gameloft-j2me-android/Cars_Hotshot_Racing_320x480(v1.0.0).apk,
Cars_Hotshot_Racing_320x480_Demo(v1.0.3).apk,6.98 MB,https://archive.org/download/gameloft-j2me-android/Cars_Hotshot_Racing_320x480_Demo(v1.0.3).apk,
Cars_Hotshot_Racing_480x800(v1.0.0).apk,10.41 MB,https://archive.org/download/gameloft-j2me-android/Cars_Hotshot_Racing_480x800(v1.0.0).apk,
Cars_Hotshot_Racing_480x800(v1.3.3).apk,10.46 MB,https://archive.org/download/gameloft-j2me-android/Cars_Hotshot_Racing_480x800(v1.3.3).apk,
Chessmaster_320x480(v1.1.1).apk,720.70 KB,https://archive.org/download/gameloft-j2me-android/Chessmaster_320x480(v1.1.1).apk,
Chessmaster_480x800(v3.0.2).apk,723.37 KB,https://archive.org/download/gameloft-j2me-android/Chessmaster_480x800(v3.0.2).apk,
Cowboys and Aliens.apk,3.98 MB,https://archive.org/download/gameloft-j2me-android/Cowboys and Aliens.apk,
Cowboys_&amp;amp;_Aliens_240x320(v1.1.3).apk,2.98 MB,https://archive.org/download/gameloft-j2me-android/Cowboys_&amp;amp;_Aliens_240x320(v1.1.3).apk,
Cowboys_&amp;amp;_Aliens_320x480(v1.1.3).apk,3.27 MB,https://archive.org/download/gameloft-j2me-android/Cowboys_&amp;amp;_Aliens_320x480(v1.1.3).apk,
Cowboys_&amp;amp;_Aliens_480x800_RU(v1.1.3).apk,3.98 MB,https://archive.org/download/gameloft-j2me-android/Cowboys_&amp;amp;_Aliens_480x800_RU(v1.1.3).apk,
Danger_Dash_240x320(v1.0.0).apk,3.75 MB,https://archive.org/download/gameloft-j2me-android/Danger_Dash_240x320(v1.0.0).apk,
Danger_Dash_320x480(v1.0.0).apk,4.53 MB,https://archive.org/download/gameloft-j2me-android/Danger_Dash_320x480(v1.0.0).apk,
Danger_Dash_320x480_Demo(v1.0.8).apk,5.78 MB,https://archive.org/download/gameloft-j2me-android/Danger_Dash_320x480_Demo(v1.0.8).apk,
Danger_Dash_480x800(v1.0.1).apk,7.52 MB,https://archive.org/download/gameloft-j2me-android/Danger_Dash_480x800(v1.0.1).apk,
Danger_Dash_Free(v1.0.0).apk,12.55 MB,https://archive.org/download/gameloft-j2me-android/Danger_Dash_Free(v1.0.0).apk,
Danger_Dash_GP(v3.0.3).apk,19.99 MB,https://archive.org/download/gameloft-j2me-android/Danger_Dash_GP(v3.0.3).apk,
Derek_Jeter_Pro_Baseball_2009_320x480(v0.0).apk,1.32 MB,https://archive.org/download/gameloft-j2me-android/Derek_Jeter_Pro_Baseball_2009_320x480(v0.0).apk,
Diamond_Twister_2_240x320(v1.0.7).apk,3.12 MB,https://archive.org/download/gameloft-j2me-android/Diamond_Twister_2_240x320(v1.0.7).apk,
Diamond_Twister_2_320x480(v1.0.7).apk,1.97 MB,https://archive.org/download/gameloft-j2me-android/Diamond_Twister_2_320x480(v1.0.7).apk,
Diamond_Twister_2_480x800(v1.0.7).apk,4.42 MB,https://archive.org/download/gameloft-j2me-android/Diamond_Twister_2_480x800(v1.0.7).apk,
Diamond_Twister_2_480x800(v1.1.4).apk,5.82 MB,https://archive.org/download/gameloft-j2me-android/Diamond_Twister_2_480x800(v1.1.4).apk,
Diamond_Twister_2_GP(v1.1.1).apk,13.20 MB,https://archive.org/download/gameloft-j2me-android/Diamond_Twister_2_GP(v1.1.1).apk,
Diamond_Twister_480x854(v1.0.0).apk,1.64 MB,https://archive.org/download/gameloft-j2me-android/Diamond_Twister_480x854(v1.0.0).apk,
Die_Hard_5_240x320(v1.1.4).apk,2.95 MB,https://archive.org/download/gameloft-j2me-android/Die_Hard_5_240x320(v1.1.4).apk,
Die_Hard_5_320x480(v1.1.4).apk,3.99 MB,https://archive.org/download/gameloft-j2me-android/Die_Hard_5_320x480(v1.1.4).apk,
Die_Hard_5_480x800(v1.0.4).apk,5.29 MB,https://archive.org/download/gameloft-j2me-android/Die_Hard_5_480x800(v1.0.4).apk,
Die_Hard_5_480x800(v1.1.4).apk,5.49 MB,https://archive.org/download/gameloft-j2me-android/Die_Hard_5_480x800(v1.1.4).apk,
Disney_Magic_Kingdoms_1280x720(v1.3.6).apk,20.00 MB,https://archive.org/download/gameloft-j2me-android/Disney_Magic_Kingdoms_1280x720(v1.3.6).apk,
Disney_Magic_Kingdoms_1280x720(v1.5.3).apk,19.96 MB,https://archive.org/download/gameloft-j2me-android/Disney_Magic_Kingdoms_1280x720(v1.5.3).apk,
Disney_Magic_Kingdoms_240x320(v1.3.6).apk,7.87 MB,https://archive.org/download/gameloft-j2me-android/Disney_Magic_Kingdoms_240x320(v1.3.6).apk,
Disney_Magic_Kingdoms_320x480(v1.3.6).apk,9.12 MB,https://archive.org/download/gameloft-j2me-android/Disney_Magic_Kingdoms_320x480(v1.3.6).apk,
Disney_Magic_Kingdoms_480x800(v1.0.9).apk,12.66 MB,https://archive.org/download/gameloft-j2me-android/Disney_Magic_Kingdoms_480x800(v1.0.9).apk,
Disney_Magic_Kingdoms_Free(v1.0.2).apk,12.88 MB,https://archive.org/download/gameloft-j2me-android/Disney_Magic_Kingdoms_Free(v1.0.2).apk,
Dogz_2_320x480(v1.2.3).apk,1.41 MB,https://archive.org/download/gameloft-j2me-android/Dogz_2_320x480(v1.2.3).apk,
Dogz_2_480x800(v3.0.3).apk,1.72 MB,https://archive.org/download/gameloft-j2me-android/Dogz_2_480x800(v3.0.3).apk,
Dragon_Mania_240x320(v1.1.2).apk,4.28 MB,https://archive.org/download/gameloft-j2me-android/Dragon_Mania_240x320(v1.1.2).apk,
Dragon_Mania_320x480(v1.1.2).apk,6.09 MB,https://archive.org/download/gameloft-j2me-android/Dragon_Mania_320x480(v1.1.2).apk,
Dragon_Mania_480x800(v1.1.2).apk,9.62 MB,https://archive.org/download/gameloft-j2me-android/Dragon_Mania_480x800(v1.1.2).apk,
Dragon_Mania_480x800(v1.4.6).apk,16.32 MB,https://archive.org/download/gameloft-j2me-android/Dragon_Mania_480x800(v1.4.6).apk,
Dragon_Mania_Free(v1.0.3).apk,19.18 MB,https://archive.org/download/gameloft-j2me-android/Dragon_Mania_Free(v1.0.3).apk,
Dragon_Mania_GP(v4.0.0).apk,26.02 MB,https://archive.org/download/gameloft-j2me-android/Dragon_Mania_GP(v4.0.0).apk,
Driver - San Francisco.apk,4.46 MB,https://archive.org/download/gameloft-j2me-android/Driver - San Francisco.apk,
Driver_San_Francisco_240x320(v1.1.4).apk,2.51 MB,https://archive.org/download/gameloft-j2me-android/Driver_San_Francisco_240x320(v1.1.4).apk,
Driver_San_Francisco_320x480(v1.1.4).apk,3.55 MB,https://archive.org/download/gameloft-j2me-android/Driver_San_Francisco_320x480(v1.1.4).apk,
Driver_San_Francisco_480x800(v1.1.4).apk,3.89 MB,https://archive.org/download/gameloft-j2me-android/Driver_San_Francisco_480x800(v1.1.4).apk,
Driver_San_Francisco_480x800_RU(1.1.8).apk,4.46 MB,https://archive.org/download/gameloft-j2me-android/Driver_San_Francisco_480x800_RU(1.1.8).apk,
Driver_San_Francisco_AM(v1.1.3).apk,16.14 MB,https://archive.org/download/gameloft-j2me-android/Driver_San_Francisco_AM(v1.1.3).apk,
Dungeon Hunter 3.apk,9.68 MB,https://archive.org/download/gameloft-j2me-android/Dungeon Hunter 3.apk,
Dungeon_Hunter_3_240x320(v1.2.5).apk,1.41 MB,https://archive.org/download/gameloft-j2me-android/Dungeon_Hunter_3_240x320(v1.2.5).apk,
Dungeon_Hunter_3_320x480(v1.2.0).apk,2.29 MB,https://archive.org/download/gameloft-j2me-android/Dungeon_Hunter_3_320x480(v1.2.0).apk,
Dungeon_Hunter_3_480x800(v1.2.1).apk,9.68 MB,https://archive.org/download/gameloft-j2me-android/Dungeon_Hunter_3_480x800(v1.2.1).apk,
Dungeon_Hunter_3_480x800(v1.2.2).apk,9.41 MB,https://archive.org/download/gameloft-j2me-android/Dungeon_Hunter_3_480x800(v1.2.2).apk,
Fashion_Icon_480x800(v1.1.7).apk,6.96 MB,https://archive.org/download/gameloft-j2me-android/Fashion_Icon_480x800(v1.1.7).apk,
Fashion_Icon_480x800(v3.0.5).apk,6.65 MB,https://archive.org/download/gameloft-j2me-android/Fashion_Icon_480x800(v3.0.5).apk,
Fashion_Icon_Free(v3.1.0).apk,6.94 MB,https://archive.org/download/gameloft-j2me-android/Fashion_Icon_Free(v3.1.0).apk,
Fast_&_Furious_5_240x320(v3.0.1).apk,5.53 MB,https://archive.org/download/gameloft-j2me-android/Fast_&_Furious_5_240x320(v3.0.1).apk,
Fast_&_Furious_5_320x480(v3.0.6).apk,5.44 MB,https://archive.org/download/gameloft-j2me-android/Fast_&_Furious_5_320x480(v3.0.6).apk,
Fast_&_Furious_5_320x480(v3.0.7).apk,1.54 MB,https://archive.org/download/gameloft-j2me-android/Fast_&_Furious_5_320x480(v3.0.7).apk,
Ferrari GT 3 - World Track.apk,7.85 MB,https://archive.org/download/gameloft-j2me-android/Ferrari GT 3 - World Track.apk,
Ferrari_GT2_Revolution_240x320(v3.1.1).apk,1.02 MB,https://archive.org/download/gameloft-j2me-android/Ferrari_GT2_Revolution_240x320(v3.1.1).apk,
Ferrari_GT2_Revolution_320x480(v3.0.5).apk,1.26 MB,https://archive.org/download/gameloft-j2me-android/Ferrari_GT2_Revolution_320x480(v3.0.5).apk,
Ferrari_GT3_World_Track_240x320(v1.1.3).apk,4.57 MB,https://archive.org/download/gameloft-j2me-android/Ferrari_GT3_World_Track_240x320(v1.1.3).apk,
Ferrari_GT3_World_Track_480x800(v1.1.3).apk,7.23 MB,https://archive.org/download/gameloft-j2me-android/Ferrari_GT3_World_Track_480x800(v1.1.3).apk,
Ferrari_GT3_World_Track_480x800(v1.2.1).apk,7.85 MB,https://archive.org/download/gameloft-j2me-android/Ferrari_GT3_World_Track_480x800(v1.2.1).apk,
GT Racing 2 - The Real Car Experience.apk,7.78 MB,https://archive.org/download/gameloft-j2me-android/GT Racing 2 - The Real Car Experience.apk,
GT_Racing_2_240x320(v1.0.6).apk,3.56 MB,https://archive.org/download/gameloft-j2me-android/GT_Racing_2_240x320(v1.0.6).apk,
GT_Racing_2_320x480(v2.0.0).apk,5.10 MB,https://archive.org/download/gameloft-j2me-android/GT_Racing_2_320x480(v2.0.0).apk,
GT_Racing_2_480x800(v1.0.5).apk,6.45 MB,https://archive.org/download/gameloft-j2me-android/GT_Racing_2_480x800(v1.0.5).apk,
GT_Racing_2_480x800(v2.0.0).apk,7.91 MB,https://archive.org/download/gameloft-j2me-android/GT_Racing_2_480x800(v2.0.0).apk,
GT_Racing_2_480x800(v2.0.5).apk,7.80 MB,https://archive.org/download/gameloft-j2me-android/GT_Racing_2_480x800(v2.0.5).apk,
GT_Racing_Motor_Academy_240x320(v1.0.6).apk,522.04 KB,https://archive.org/download/gameloft-j2me-android/GT_Racing_Motor_Academy_240x320(v1.0.6).apk,
GT_Racing_Motor_Academy_320x480(v1.0.9).apk,774.06 KB,https://archive.org/download/gameloft-j2me-android/GT_Racing_Motor_Academy_320x480(v1.0.9).apk,
Gangstar 3 - Miami Vindication.apk,1.79 MB,https://archive.org/download/gameloft-j2me-android/Gangstar 3 - Miami Vindication.apk,
Gangstar Rio - City of Saints.apk,3.85 MB,https://archive.org/download/gameloft-j2me-android/Gangstar Rio - City of Saints.apk,
Gangstar Rio.apk,3.85 MB,https://archive.org/download/gameloft-j2me-android/Gangstar Rio.apk,
Gangstar_2_Kings_of_L.A_480x800(v1.2.7).apk,1.74 MB,https://archive.org/download/gameloft-j2me-android/Gangstar_2_Kings_of_L.A_480x800(v1.2.7).apk,
Gangstar_2_Kings_of_LA_240x320(v3.0.6).apk,964.96 KB,https://archive.org/download/gameloft-j2me-android/Gangstar_2_Kings_of_LA_240x320(v3.0.6).apk,
Gangstar_2_Kings_of_LA_320x480(v3.0.4).apk,1.57 MB,https://archive.org/download/gameloft-j2me-android/Gangstar_2_Kings_of_LA_320x480(v3.0.4).apk,
Gangstar_2_Kings_of_LA_320x480(v3.0.7).apk,1.51 MB,https://archive.org/download/gameloft-j2me-android/Gangstar_2_Kings_of_LA_320x480(v3.0.7).apk,
Gangstar_City_240x320(v1.1.3).apk,4.76 MB,https://archive.org/download/gameloft-j2me-android/Gangstar_City_240x320(v1.1.3).apk,
Gangstar_City_320x480(v1.1.3).apk,4.30 MB,https://archive.org/download/gameloft-j2me-android/Gangstar_City_320x480(v1.1.3).apk,
Gangstar_City_480x800(v1.1.3).apk,7.68 MB,https://archive.org/download/gameloft-j2me-android/Gangstar_City_480x800(v1.1.3).apk,
Gangstar_City_480x800(v1.1.9).apk,9.23 MB,https://archive.org/download/gameloft-j2me-android/Gangstar_City_480x800(v1.1.9).apk,
Gangstar_City_GP(v2.1.3).apk,18.18 MB,https://archive.org/download/gameloft-j2me-android/Gangstar_City_GP(v2.1.3).apk,
Gangstar_Rio_City_of_Saints_240x320(v1.1.5).apk,2.76 MB,https://archive.org/download/gameloft-j2me-android/Gangstar_Rio_City_of_Saints_240x320(v1.1.5).apk,
Gangstar_Rio_City_of_Saints_320x480(v1.1.5).apk,7.10 MB,https://archive.org/download/gameloft-j2me-android/Gangstar_Rio_City_of_Saints_320x480(v1.1.5).apk,
Gangstar_Rio_City_of_Saints_480x800(v1.1.5).apk,3.23 MB,https://archive.org/download/gameloft-j2me-android/Gangstar_Rio_City_of_Saints_480x800(v1.1.5).apk,
Gangstar_Rio_City_of_Saints_480x800(v1.2.2).apk,3.79 MB,https://archive.org/download/gameloft-j2me-android/Gangstar_Rio_City_of_Saints_480x800(v1.2.2).apk,
Ghost_Recon_Future_Soldier_240x320(v1.0.8).apk,2.88 MB,https://archive.org/download/gameloft-j2me-android/Ghost_Recon_Future_Soldier_240x320(v1.0.8).apk,
Ghost_Recon_Future_Soldier_320x480(v1.0.9).apk,4.71 MB,https://archive.org/download/gameloft-j2me-android/Ghost_Recon_Future_Soldier_320x480(v1.0.9).apk,
Ghost_Recon_Future_Soldier_480x800(v1.1.8).apk,5.10 MB,https://archive.org/download/gameloft-j2me-android/Ghost_Recon_Future_Soldier_480x800(v1.1.8).apk,
Green+Farm_1.0.3.apk,1.20 MB,https://archive.org/download/gameloft-j2me-android/Green+Farm_1.0.3.apk,
Green+Farm_1.0.3_sign.apk,1.20 MB,https://archive.org/download/gameloft-j2me-android/Green+Farm_1.0.3_sign.apk,
Green_Farm_240x320(v1.0.3).apk,1.20 MB,https://archive.org/download/gameloft-j2me-android/Green_Farm_240x320(v1.0.3).apk,
Green_Farm_3_240x320(v1.0.0).apk,4.39 MB,https://archive.org/download/gameloft-j2me-android/Green_Farm_3_240x320(v1.0.0).apk,
Green_Farm_3_320x480(v1.0.0).apk,5.07 MB,https://archive.org/download/gameloft-j2me-android/Green_Farm_3_320x480(v1.0.0).apk,
Green_Farm_3_480x800(v1.0.0).apk,6.62 MB,https://archive.org/download/gameloft-j2me-android/Green_Farm_3_480x800(v1.0.0).apk,
Green_Farm_3_480x800(v1.0.7).apk,6.06 MB,https://archive.org/download/gameloft-j2me-android/Green_Farm_3_480x800(v1.0.7).apk,
Green_Farm_3_Free(v4.1.7).apk,9.44 MB,https://archive.org/download/gameloft-j2me-android/Green_Farm_3_Free(v4.1.7).apk,
Ice Age Village.apk,8.30 MB,https://archive.org/download/gameloft-j2me-android/Ice Age Village.apk,
Ice_Age_4_240x320(v1.1.4).apk,3.44 MB,https://archive.org/download/gameloft-j2me-android/Ice_Age_4_240x320(v1.1.4).apk,
Ice_Age_4_320x480(v1.1.1).apk,4.38 MB,https://archive.org/download/gameloft-j2me-android/Ice_Age_4_320x480(v1.1.1).apk,
Ice_Age_4_480x800(v1.1.3).apk,7.70 MB,https://archive.org/download/gameloft-j2me-android/Ice_Age_4_480x800(v1.1.3).apk,
Ice_Age_Scrat-ventures_1280x720(v1.3.7).apk,19.11 MB,https://archive.org/download/gameloft-j2me-android/Ice_Age_Scrat-ventures_1280x720(v1.3.7).apk,
Ice_Age_Scrat-ventures_240x320(v1.0.6).apk,4.60 MB,https://archive.org/download/gameloft-j2me-android/Ice_Age_Scrat-ventures_240x320(v1.0.6).apk,
Ice_Age_Scrat-ventures_320x480(v1.0.6).apk,6.00 MB,https://archive.org/download/gameloft-j2me-android/Ice_Age_Scrat-ventures_320x480(v1.0.6).apk,
Ice_Age_Scrat-ventures_Demo(v2.0.0).apk,13.39 MB,https://archive.org/download/gameloft-j2me-android/Ice_Age_Scrat-ventures_Demo(v2.0.0).apk,
Ice_Age_Scrat_ventures_480x800(v1.0.7).apk,11.37 MB,https://archive.org/download/gameloft-j2me-android/Ice_Age_Scrat_ventures_480x800(v1.0.7).apk,
Ice_Age_Village_240x320(v1.0.0).apk,4.93 MB,https://archive.org/download/gameloft-j2me-android/Ice_Age_Village_240x320(v1.0.0).apk,
Ice_Age_Village_320x480(v1.0.0).apk,4.97 MB,https://archive.org/download/gameloft-j2me-android/Ice_Age_Village_320x480(v1.0.0).apk,
Ice_Age_Village_320x480_Free(v1.3.4).apk,7.12 MB,https://archive.org/download/gameloft-j2me-android/Ice_Age_Village_320x480_Free(v1.3.4).apk,
Ice_Age_Village_480x800(v1.0.0).apk,8.41 MB,https://archive.org/download/gameloft-j2me-android/Ice_Age_Village_480x800(v1.0.0).apk,
Ice_Age_Village_480x800(v1.0.8).apk,8.71 MB,https://archive.org/download/gameloft-j2me-android/Ice_Age_Village_480x800(v1.0.8).apk,
Immortals_240x320(v1.2.5).apk,3.03 MB,https://archive.org/download/gameloft-j2me-android/Immortals_240x320(v1.2.5).apk,
Immortals_320x480(v1.2.5).apk,3.67 MB,https://archive.org/download/gameloft-j2me-android/Immortals_320x480(v1.2.5).apk,
Immortals_480x800(v1.2.9).apk,3.83 MB,https://archive.org/download/gameloft-j2me-android/Immortals_480x800(v1.2.9).apk,
Iron Man 3.apk,7.69 MB,https://archive.org/download/gameloft-j2me-android/Iron Man 3.apk,
Iron_Man_2_240x320(v1.0.9).apk,861.14 KB,https://archive.org/download/gameloft-j2me-android/Iron_Man_2_240x320(v1.0.9).apk,
Iron_Man_2_320x480(v3.4.7).apk,1.59 MB,https://archive.org/download/gameloft-j2me-android/Iron_Man_2_320x480(v3.4.7).apk,
Iron_Man_2_480õ800(v3.4.6).apk,1.60 MB,https://archive.org/download/gameloft-j2me-android/Iron_Man_2_480õ800(v3.4.6).apk,
Iron_Man_3_240x320(v1.0.6).apk,2.95 MB,https://archive.org/download/gameloft-j2me-android/Iron_Man_3_240x320(v1.0.6).apk,
Iron_Man_3_320x480(v1.0.9).apk,3.96 MB,https://archive.org/download/gameloft-j2me-android/Iron_Man_3_320x480(v1.0.9).apk,
Iron_Man_3_480x800(v1.1.0).apk,7.25 MB,https://archive.org/download/gameloft-j2me-android/Iron_Man_3_480x800(v1.1.0).apk,
Iron_Man_3_480x800(v1.1.7).apk,8.16 MB,https://archive.org/download/gameloft-j2me-android/Iron_Man_3_480x800(v1.1.7).apk,
Kingdom and Lords.apk,8.06 MB,https://archive.org/download/gameloft-j2me-android/Kingdom and Lords.apk,
Kingdoms_&_Lords_240x320(v2.0.0).apk,9.31 MB,https://archive.org/download/gameloft-j2me-android/Kingdoms_&_Lords_240x320(v2.0.0).apk,
Kingdoms_&_Lords_320x480(v1.1.1).apk,4.94 MB,https://archive.org/download/gameloft-j2me-android/Kingdoms_&_Lords_320x480(v1.1.1).apk,
Kingdoms_&_Lords_320x480(v2.0.0).apk,10.55 MB,https://archive.org/download/gameloft-j2me-android/Kingdoms_&_Lords_320x480(v2.0.0).apk,
Kingdoms_&_Lords_480x800(v1.1.1).apk,6.02 MB,https://archive.org/download/gameloft-j2me-android/Kingdoms_&_Lords_480x800(v1.1.1).apk,
Kingdoms_&_Lords_480x800(v2.0.0).apk,12.10 MB,https://archive.org/download/gameloft-j2me-android/Kingdoms_&_Lords_480x800(v2.0.0).apk,
Kingdoms_&_Lords_Free(v2.0.0).apk,12.45 MB,https://archive.org/download/gameloft-j2me-android/Kingdoms_&_Lords_Free(v2.0.0).apk,
Lego Batman.apk,2.19 MB,https://archive.org/download/gameloft-j2me-android/Lego Batman.apk,
Lego_Batman_240x320(v1.0.9).apk,453.02 KB,https://archive.org/download/gameloft-j2me-android/Lego_Batman_240x320(v1.0.9).apk,
Lego_Batman_320x480(v1.0.7).apk,2.16 MB,https://archive.org/download/gameloft-j2me-android/Lego_Batman_320x480(v1.0.7).apk,
Lego_Batman_480x800(v1.2.7).apk,2.19 MB,https://archive.org/download/gameloft-j2me-android/Lego_Batman_480x800(v1.2.7).apk,
Little_Big_City_2_240x320(v1.0.8).apk,2.83 MB,https://archive.org/download/gameloft-j2me-android/Little_Big_City_2_240x320(v1.0.8).apk,
Little_Big_City_320x480(v1.1.5).apk,3.01 MB,https://archive.org/download/gameloft-j2me-android/Little_Big_City_320x480(v1.1.5).apk,
Little_Big_City_320x480_Free(v1.1.8).apk,5.47 MB,https://archive.org/download/gameloft-j2me-android/Little_Big_City_320x480_Free(v1.1.8).apk,
Little_Big_City_Free(v4.0.8).apk,7.11 MB,https://archive.org/download/gameloft-j2me-android/Little_Big_City_Free(v4.0.8).apk,
Littlest_Pet_Shop_240x320(v1.3.3).apk,3.24 MB,https://archive.org/download/gameloft-j2me-android/Littlest_Pet_Shop_240x320(v1.3.3).apk,
Littlest_Pet_Shop_320x480(v1.3.3).apk,4.04 MB,https://archive.org/download/gameloft-j2me-android/Littlest_Pet_Shop_320x480(v1.3.3).apk,
Littlest_Pet_Shop_480x800(v1.1.7).apk,4.43 MB,https://archive.org/download/gameloft-j2me-android/Littlest_Pet_Shop_480x800(v1.1.7).apk,
Littlest_Pet_Shop_Free(v2.0.0).apk,5.88 MB,https://archive.org/download/gameloft-j2me-android/Littlest_Pet_Shop_Free(v2.0.0).apk,
Men In Black 3.apk,7.55 MB,https://archive.org/download/gameloft-j2me-android/Men In Black 3.apk,
Men_in_Black_3_480x800(v1.1.0).apk,7.55 MB,https://archive.org/download/gameloft-j2me-android/Men_in_Black_3_480x800(v1.1.0).apk,
Midnight Pool 3.apk,8.88 MB,https://archive.org/download/gameloft-j2me-android/Midnight Pool 3.apk,
Midnight_Billiard_2_320x480(v1.1.3).apk,1.15 MB,https://archive.org/download/gameloft-j2me-android/Midnight_Billiard_2_320x480(v1.1.3).apk,
Midnight_Bowling_2_240x320(v3.3.9).apk,1.53 MB,https://archive.org/download/gameloft-j2me-android/Midnight_Bowling_2_240x320(v3.3.9).apk,
Midnight_Bowling_2_320x480(v3.4.5).apk,1.39 MB,https://archive.org/download/gameloft-j2me-android/Midnight_Bowling_2_320x480(v3.4.5).apk,
Midnight_Bowling_2_480x800(v3.3.9).apk,1.53 MB,https://archive.org/download/gameloft-j2me-android/Midnight_Bowling_2_480x800(v3.3.9).apk,
Midnight_Bowling_3_240x320(v1.1.0).apk,3.30 MB,https://archive.org/download/gameloft-j2me-android/Midnight_Bowling_3_240x320(v1.1.0).apk,
Midnight_Bowling_3_320x480(v1.1.0).apk,4.73 MB,https://archive.org/download/gameloft-j2me-android/Midnight_Bowling_3_320x480(v1.1.0).apk,
Midnight_Bowling_3_480x800(v1.1.1).apk,7.85 MB,https://archive.org/download/gameloft-j2me-android/Midnight_Bowling_3_480x800(v1.1.1).apk,
Midnight_Bowling_3_480x800(v1.1.2).apk,8.29 MB,https://archive.org/download/gameloft-j2me-android/Midnight_Bowling_3_480x800(v1.1.2).apk,
Midnight_Bowling_3_480x854(v1.1.0).apk,7.55 MB,https://archive.org/download/gameloft-j2me-android/Midnight_Bowling_3_480x854(v1.1.0).apk,
Midnight_Bowling_3_Free_480x800+_RU.apk,7.86 MB,https://archive.org/download/gameloft-j2me-android/Midnight_Bowling_3_Free_480x800+_RU.apk,
Midnight_Bowling_3_HTC_Wildfire_Premium_240x320_RU_v1.1.0.apk,3.30 MB,https://archive.org/download/gameloft-j2me-android/Midnight_Bowling_3_HTC_Wildfire_Premium_240x320_RU_v1.1.0.apk,
Midnight_Bowling_3_LG_GT540_320x480_Premium_RU_v1.1.0.apk,4.73 MB,https://archive.org/download/gameloft-j2me-android/Midnight_Bowling_3_LG_GT540_320x480_Premium_RU_v1.1.0.apk,
Midnight_Bowling_3_Motorola_Milestone_Premium_480x854+_RU_v1.1.0.apk,7.55 MB,https://archive.org/download/gameloft-j2me-android/Midnight_Bowling_3_Motorola_Milestone_Premium_480x854+_RU_v1.1.0.apk,
Midnight_Bowling_3_Premium_480x800_RU_v1.1.2.apk,8.29 MB,https://archive.org/download/gameloft-j2me-android/Midnight_Bowling_3_Premium_480x800_RU_v1.1.2.apk,
Midnight_Hold'em_Poker_320x480(v0.0).apk,779.01 KB,https://archive.org/download/gameloft-j2me-android/Midnight_Hold'em_Poker_320x480(v0.0).apk,
Midnight_Pool_1280x720(v1.3.2).apk,18.90 MB,https://archive.org/download/gameloft-j2me-android/Midnight_Pool_1280x720(v1.3.2).apk,
Midnight_Pool_2_240x320(v3.0.0).apk,406.39 KB,https://archive.org/download/gameloft-j2me-android/Midnight_Pool_2_240x320(v3.0.0).apk,
Midnight_Pool_2_320x480(v1.1.3).apk,1.16 MB,https://archive.org/download/gameloft-j2me-android/Midnight_Pool_2_320x480(v1.1.3).apk,
Midnight_Pool_2_320x480(v3.0.3).apk,1.08 MB,https://archive.org/download/gameloft-j2me-android/Midnight_Pool_2_320x480(v3.0.3).apk,
Midnight_Pool_2_480x800(v3.1.0).apk,982.81 KB,https://archive.org/download/gameloft-j2me-android/Midnight_Pool_2_480x800(v3.1.0).apk,
Midnight_Pool_3_240x320(v1.1.7).apk,2.32 MB,https://archive.org/download/gameloft-j2me-android/Midnight_Pool_3_240x320(v1.1.7).apk,
Midnight_Pool_3_320x480(v1.1.7).apk,3.95 MB,https://archive.org/download/gameloft-j2me-android/Midnight_Pool_3_320x480(v1.1.7).apk,
Midnight_Pool_3_480x800(v1.0.3).apk,8.88 MB,https://archive.org/download/gameloft-j2me-android/Midnight_Pool_3_480x800(v1.0.3).apk,
Midnight_Pool_3_480x800(v1.1.7).apk,4.87 MB,https://archive.org/download/gameloft-j2me-android/Midnight_Pool_3_480x800(v1.1.7).apk,
Midnight_Pool_4_240x320(v1.0.4).apk,5.26 MB,https://archive.org/download/gameloft-j2me-android/Midnight_Pool_4_240x320(v1.0.4).apk,
Midnight_Pool_4_320x480(v1.0.4).apk,6.25 MB,https://archive.org/download/gameloft-j2me-android/Midnight_Pool_4_320x480(v1.0.4).apk,
Midnight_Pool_Demo(v1.1.2).apk,10.55 MB,https://archive.org/download/gameloft-j2me-android/Midnight_Pool_Demo(v1.1.2).apk,
Million_Dollar_Poker_320x480(v3.0.5).apk,1.22 MB,https://archive.org/download/gameloft-j2me-android/Million_Dollar_Poker_320x480(v3.0.5).apk,
Modern Combat.apk,7.23 MB,https://archive.org/download/gameloft-j2me-android/Modern Combat.apk,
Modern_Combat_2_320x480(v1.1.5).apk,3.66 MB,https://archive.org/download/gameloft-j2me-android/Modern_Combat_2_320x480(v1.1.5).apk,
Modern_Combat_4_240x320(v1.0.7).apk,3.04 MB,https://archive.org/download/gameloft-j2me-android/Modern_Combat_4_240x320(v1.0.7).apk,
Modern_Combat_4_320x480(v1.0.7).apk,4.57 MB,https://archive.org/download/gameloft-j2me-android/Modern_Combat_4_320x480(v1.0.7).apk,
Modern_Combat_4_320x480(v2.0.0).apk,4.93 MB,https://archive.org/download/gameloft-j2me-android/Modern_Combat_4_320x480(v2.0.0).apk,
Modern_Combat_4_480x800(v1.0.7).apk,6.68 MB,https://archive.org/download/gameloft-j2me-android/Modern_Combat_4_480x800(v1.0.7).apk,
Modern_Combat_4_480x800(v2.0.0).apk,7.45 MB,https://archive.org/download/gameloft-j2me-android/Modern_Combat_4_480x800(v2.0.0).apk,
Modern_Combat_4_480x800(v2.0.3).apk,7.68 MB,https://archive.org/download/gameloft-j2me-android/Modern_Combat_4_480x800(v2.0.3).apk,
Monster University.apk,5.87 MB,https://archive.org/download/gameloft-j2me-android/Monster University.apk,
Monsters_University_240x320(v2.0.0).apk,3.63 MB,https://archive.org/download/gameloft-j2me-android/Monsters_University_240x320(v2.0.0).apk,
Monsters_University_320x480(v1.0.9).apk,4.04 MB,https://archive.org/download/gameloft-j2me-android/Monsters_University_320x480(v1.0.9).apk,
Monsters_University_320x480(v2.0.0).apk,4.60 MB,https://archive.org/download/gameloft-j2me-android/Monsters_University_320x480(v2.0.0).apk,
Monsters_University_480x800(v1.0.9).apk,4.95 MB,https://archive.org/download/gameloft-j2me-android/Monsters_University_480x800(v1.0.9).apk,
Monsters_University_480x800(v1.1.0).apk,5.52 MB,https://archive.org/download/gameloft-j2me-android/Monsters_University_480x800(v1.1.0).apk,
Monsters_University_480x800(v2.0.0).apk,5.89 MB,https://archive.org/download/gameloft-j2me-android/Monsters_University_480x800(v2.0.0).apk,
Motocross_Trial_Extreme_240x320(v1.0.1).apk,2.78 MB,https://archive.org/download/gameloft-j2me-android/Motocross_Trial_Extreme_240x320(v1.0.1).apk,
Motocross_Trial_Extreme_320x480(v1.0.2).apk,4.51 MB,https://archive.org/download/gameloft-j2me-android/Motocross_Trial_Extreme_320x480(v1.0.2).apk,
Motocross_Trial_Extreme_480x800(v1.0.2).apk,4.32 MB,https://archive.org/download/gameloft-j2me-android/Motocross_Trial_Extreme_480x800(v1.0.2).apk,
Motocross_Trial_Extreme_480x800(v1.0.6).apk,5.18 MB,https://archive.org/download/gameloft-j2me-android/Motocross_Trial_Extreme_480x800(v1.0.6).apk,
Motocross_Trial_Extreme_480x800(v1.1.0).apk,6.23 MB,https://archive.org/download/gameloft-j2me-android/Motocross_Trial_Extreme_480x800(v1.1.0).apk,
My_Life_in_New_York_240x320(v3.1.2).apk,1.36 MB,https://archive.org/download/gameloft-j2me-android/My_Life_in_New_York_240x320(v3.1.2).apk,
N.O.V.A 3.apk,7.30 MB,https://archive.org/download/gameloft-j2me-android/N.O.V.A 3.apk,
NFL_2010_320x480(v1.0.6).apk,1.02 MB,https://archive.org/download/gameloft-j2me-android/NFL_2010_320x480(v1.0.6).apk,
NOVA_240x320(v3.1.1).apk,2.57 MB,https://archive.org/download/gameloft-j2me-android/NOVA_240x320(v3.1.1).apk,
NOVA_320x480(v3.0.0).apk,6.31 MB,https://archive.org/download/gameloft-j2me-android/NOVA_320x480(v3.0.0).apk,
NOVA_320x480(v3.0.5).apk,6.34 MB,https://archive.org/download/gameloft-j2me-android/NOVA_320x480(v3.0.5).apk,
NOVA_3_240x320(v1.1.0).apk,3.21 MB,https://archive.org/download/gameloft-j2me-android/NOVA_3_240x320(v1.1.0).apk,
NOVA_3_320x480(v1.1.0).apk,4.31 MB,https://archive.org/download/gameloft-j2me-android/NOVA_3_320x480(v1.1.0).apk,
NOVA_3_480x800(v1.0.1).apk,7.29 MB,https://archive.org/download/gameloft-j2me-android/NOVA_3_480x800(v1.0.1).apk,
NOVA_3_480x800(v1.1.0).apk,6.96 MB,https://archive.org/download/gameloft-j2me-android/NOVA_3_480x800(v1.1.0).apk,
NOVA_3_480x800(v1.5.7).apk,8.42 MB,https://archive.org/download/gameloft-j2me-android/NOVA_3_480x800(v1.5.7).apk,
NOVA_480x800(v1.1.0).apk,3.79 MB,https://archive.org/download/gameloft-j2me-android/NOVA_480x800(v1.1.0).apk,
New_York_Nights_2_320x480+_Premium_EN_v0.0.apk,1.68 MB,https://archive.org/download/gameloft-j2me-android/New_York_Nights_2_320x480+_Premium_EN_v0.0.apk,
New_York_Nights_2_LG_E610_Premium_EN_v1.1.4.apk,1.48 MB,https://archive.org/download/gameloft-j2me-android/New_York_Nights_2_LG_E610_Premium_EN_v1.1.4.apk,
New_York_Nights_2_Sony_Ericsson_Xperia_Active_Premium_320x480+_EN_v1.1.3.apk,1.48 MB,https://archive.org/download/gameloft-j2me-android/New_York_Nights_2_Sony_Ericsson_Xperia_Active_Premium_320x480+_EN_v1.1.3.apk,
Night_at_the_Museum_2_320x480(v1.0.9).apk,1.27 MB,https://archive.org/download/gameloft-j2me-android/Night_at_the_Museum_2_320x480(v1.0.9).apk,
Platinum_Solitaire_2_320x480(v3.0.4).apk,1.31 MB,https://archive.org/download/gameloft-j2me-android/Platinum_Solitaire_2_320x480(v3.0.4).apk,
Platinum_Solitaire_2_320x480(v3.0.8).apk,1.81 MB,https://archive.org/download/gameloft-j2me-android/Platinum_Solitaire_2_320x480(v3.0.8).apk,
Platinum_Solitaire_2_480x800(v3.0.4).apk,1.87 MB,https://archive.org/download/gameloft-j2me-android/Platinum_Solitaire_2_480x800(v3.0.4).apk,
Platinum_Solitaire_3_240x320(v3.1.4).apk,1.31 MB,https://archive.org/download/gameloft-j2me-android/Platinum_Solitaire_3_240x320(v3.1.4).apk,
Platinum_Solitaire_3_320x480(v3.0.1).apk,8.42 MB,https://archive.org/download/gameloft-j2me-android/Platinum_Solitaire_3_320x480(v3.0.1).apk,
Platinum_Solitaire_3_320x480(v3.1.4).apk,3.40 MB,https://archive.org/download/gameloft-j2me-android/Platinum_Solitaire_3_320x480(v3.1.4).apk,
Platinum_Solitaire_3_480x800(v3.1.5).apk,2.97 MB,https://archive.org/download/gameloft-j2me-android/Platinum_Solitaire_3_480x800(v3.1.5).apk,
Platinum_Solitaire_3_480x800(v3.5.6).apk,7.24 MB,https://archive.org/download/gameloft-j2me-android/Platinum_Solitaire_3_480x800(v3.5.6).apk,
Platinum_Sudoku_320x480(v1.2.3).apk,1.28 MB,https://archive.org/download/gameloft-j2me-android/Platinum_Sudoku_320x480(v1.2.3).apk,
Platinum_Sudoku_480x800(v3.0.1).apk,1.00 MB,https://archive.org/download/gameloft-j2me-android/Platinum_Sudoku_480x800(v3.0.1).apk,
Predators_240x320(v3.0.8).apk,950.03 KB,https://archive.org/download/gameloft-j2me-android/Predators_240x320(v3.0.8).apk,
Predators_320x480(v3.1.0).apk,1.93 MB,https://archive.org/download/gameloft-j2me-android/Predators_320x480(v3.1.0).apk,
Predators_480x800(v3.1.0).apk,1.55 MB,https://archive.org/download/gameloft-j2me-android/Predators_480x800(v3.1.0).apk,
Prince of Persia - The Forgotten Sands Game.apk,2.18 MB,https://archive.org/download/gameloft-j2me-android/Prince of Persia - The Forgotten Sands Game.apk,
Prince_of_Persia_320x480(v3.0.3).apk,3.32 MB,https://archive.org/download/gameloft-j2me-android/Prince_of_Persia_320x480(v3.0.3).apk,
Prince_of_Persia_480x800(v3.1.2).apk,1.45 MB,https://archive.org/download/gameloft-j2me-android/Prince_of_Persia_480x800(v3.1.2).apk,
Puzzle_Pets_480x800(v1.0.0).apk,9.47 MB,https://archive.org/download/gameloft-j2me-android/Puzzle_Pets_480x800(v1.0.0).apk,
Puzzle_Pets_480x800(v1.3.1).apk,9.12 MB,https://archive.org/download/gameloft-j2me-android/Puzzle_Pets_480x800(v1.3.1).apk,
Puzzle_Pets_GP(v2.1.3).apk,15.39 MB,https://archive.org/download/gameloft-j2me-android/Puzzle_Pets_GP(v2.1.3).apk,
Puzzle_Pets_GS(v1.0.3).apk,13.09 MB,https://archive.org/download/gameloft-j2me-android/Puzzle_Pets_GS(v1.0.3).apk,
Real Football 2017.apk,11.91 MB,https://archive.org/download/gameloft-j2me-android/Real Football 2017.apk,
Real_Football_2009_320x480(v1.1.1).apk,2.78 MB,https://archive.org/download/gameloft-j2me-android/Real_Football_2009_320x480(v1.1.1).apk,
Real_Football_2011_320x480(v3.0.5).apk,1.67 MB,https://archive.org/download/gameloft-j2me-android/Real_Football_2011_320x480(v3.0.5).apk,
Real_Football_2011_480x800(v3.1.7).apk,1.57 MB,https://archive.org/download/gameloft-j2me-android/Real_Football_2011_480x800(v3.1.7).apk,
Real_Football_2012_240x320(v1.0.5).apk,614.02 KB,https://archive.org/download/gameloft-j2me-android/Real_Football_2012_240x320(v1.0.5).apk,
Real_Football_2012_320x480(v1.0.5).apk,2.48 MB,https://archive.org/download/gameloft-j2me-android/Real_Football_2012_320x480(v1.0.5).apk,
Real_Football_2013_240x320(v1.1.2).apk,5.52 MB,https://archive.org/download/gameloft-j2me-android/Real_Football_2013_240x320(v1.1.2).apk,
Real_Football_2013_320x480(v1.1.4).apk,4.28 MB,https://archive.org/download/gameloft-j2me-android/Real_Football_2013_320x480(v1.1.4).apk,
Real_Football_2013_480x800(v1.0.9).apk,6.06 MB,https://archive.org/download/gameloft-j2me-android/Real_Football_2013_480x800(v1.0.9).apk,
Real_Football_2013_480x800(v1.1.5).apk,5.12 MB,https://archive.org/download/gameloft-j2me-android/Real_Football_2013_480x800(v1.1.5).apk,
Real_Football_2014_240x320(v1.0.5).apk,3.80 MB,https://archive.org/download/gameloft-j2me-android/Real_Football_2014_240x320(v1.0.5).apk,
Real_Football_2014_320x480(v1.0.5).apk,4.73 MB,https://archive.org/download/gameloft-j2me-android/Real_Football_2014_320x480(v1.0.5).apk,
Real_Football_2014_320x480_Demo.apk,7.05 MB,https://archive.org/download/gameloft-j2me-android/Real_Football_2014_320x480_Demo.apk,
Real_Football_2014_480x800(v1.0.5).apk,5.56 MB,https://archive.org/download/gameloft-j2me-android/Real_Football_2014_480x800(v1.0.5).apk,
Real_Football_2014_Demo(v1.0.3).apk,8.80 MB,https://archive.org/download/gameloft-j2me-android/Real_Football_2014_Demo(v1.0.3).apk,
Real_Football_2015_240x320(v1.0.0).apk,4.25 MB,https://archive.org/download/gameloft-j2me-android/Real_Football_2015_240x320(v1.0.0).apk,
Real_Football_2015_320x480(v1.0.0).apk,8.16 MB,https://archive.org/download/gameloft-j2me-android/Real_Football_2015_320x480(v1.0.0).apk,
Real_Football_2015_480x800(v1.0.0).apk,11.76 MB,https://archive.org/download/gameloft-j2me-android/Real_Football_2015_480x800(v1.0.0).apk,
Real_Football_2015_Demo(v1.0.3).apk,13.42 MB,https://archive.org/download/gameloft-j2me-android/Real_Football_2015_Demo(v1.0.3).apk,
Real_Football_2016_1280x720(v1.2.5).apk,18.22 MB,https://archive.org/download/gameloft-j2me-android/Real_Football_2016_1280x720(v1.2.5).apk,
Real_Football_2016_240x320(v1.1.0).apk,6.89 MB,https://archive.org/download/gameloft-j2me-android/Real_Football_2016_240x320(v1.1.0).apk,
Real_Football_2016_320x480(v1.1.0).apk,7.57 MB,https://archive.org/download/gameloft-j2me-android/Real_Football_2016_320x480(v1.1.0).apk,
Real_Football_2016_480x800(v1.2.5).apk,12.86 MB,https://archive.org/download/gameloft-j2me-android/Real_Football_2016_480x800(v1.2.5).apk,
Real_Football_2016_Demo(v1.0.2).apk,12.40 MB,https://archive.org/download/gameloft-j2me-android/Real_Football_2016_Demo(v1.0.2).apk,
Real_Football_2017_240x320(v1.0.0).apk,3.93 MB,https://archive.org/download/gameloft-j2me-android/Real_Football_2017_240x320(v1.0.0).apk,
Real_Football_2017_240x320(v1.0.1).apk,3.89 MB,https://archive.org/download/gameloft-j2me-android/Real_Football_2017_240x320(v1.0.1).apk,
Real_Football_Manager_2009_320x480(v1.1.6).apk,1.21 MB,https://archive.org/download/gameloft-j2me-android/Real_Football_Manager_2009_320x480(v1.1.6).apk,
Real_Football_Manager_2013_240x320(v1.1.5).apk,4.89 MB,https://archive.org/download/gameloft-j2me-android/Real_Football_Manager_2013_240x320(v1.1.5).apk,
Real_Football_Manager_2013_320x480(v1.1.7).apk,4.74 MB,https://archive.org/download/gameloft-j2me-android/Real_Football_Manager_2013_320x480(v1.1.7).apk,
Real_Football_Manager_2013_480x800(v1.1.4).apk,7.45 MB,https://archive.org/download/gameloft-j2me-android/Real_Football_Manager_2013_480x800(v1.1.4).apk,
Sexy_Poker_Top_Models_328x480(v1.0.8).apk,950.76 KB,https://archive.org/download/gameloft-j2me-android/Sexy_Poker_Top_Models_328x480(v1.0.8).apk,
Six_Guns_Doomsday(v1.0.8).apk,6.31 MB,https://archive.org/download/gameloft-j2me-android/Six_Guns_Doomsday(v1.0.8).apk,
SkeeBall(v1.1.1).apk,13.92 MB,https://archive.org/download/gameloft-j2me-android/SkeeBall(v1.1.1).apk,
Sonic Advance (mod).apk,8.58 MB,https://archive.org/download/gameloft-j2me-android/Sonic Advance (mod).apk,
Sonic Advance.apk,8.58 MB,https://archive.org/download/gameloft-j2me-android/Sonic Advance.apk,
Sonic_Advance_320x480(v1.0.3).apk,6.98 MB,https://archive.org/download/gameloft-j2me-android/Sonic_Advance_320x480(v1.0.3).apk,
Sonic_Advance_480x800(v1.0.1).apk,8.22 MB,https://archive.org/download/gameloft-j2me-android/Sonic_Advance_480x800(v1.0.1).apk,
Sonic_Advance_480x800(v1.0.3).apk,7.47 MB,https://archive.org/download/gameloft-j2me-android/Sonic_Advance_480x800(v1.0.3).apk,
Sonic_Advance_Mobile_Premium_Samsung_SMG920F_Galaxy_S6_android.apk,8.13 MB,https://archive.org/download/gameloft-j2me-android/Sonic_Advance_Mobile_Premium_Samsung_SMG920F_Galaxy_S6_android.apk,
Sonic_Unleashed_240x320(v3.1.2).apk,1010.33 KB,https://archive.org/download/gameloft-j2me-android/Sonic_Unleashed_240x320(v3.1.2).apk,
Sonic_Unleashed_320x480(v1.1.7).apk,1.18 MB,https://archive.org/download/gameloft-j2me-android/Sonic_Unleashed_320x480(v1.1.7).apk,
Sonic_Unleashed_320x480v1.1.7.apk,1.18 MB,https://archive.org/download/gameloft-j2me-android/Sonic_Unleashed_320x480v1.1.7.apk,
Spider-Man - Toxic City.apk,1.02 MB,https://archive.org/download/gameloft-j2me-android/Spider-Man - Toxic City.apk,
Spider-Man_Toxic_City_320x480(v3.0.4).apk,825.98 KB,https://archive.org/download/gameloft-j2me-android/Spider-Man_Toxic_City_320x480(v3.0.4).apk,
Spider-Man_Ultimate_Power_320x480(v1.0.0).apk,5.91 MB,https://archive.org/download/gameloft-j2me-android/Spider-Man_Ultimate_Power_320x480(v1.0.0).apk,
Spider-Man_Ultimate_Power_480x800(v1.0.0).apk,8.82 MB,https://archive.org/download/gameloft-j2me-android/Spider-Man_Ultimate_Power_480x800(v1.0.0).apk,
Spider-Man_Ultimate_Power_480x800(v1.0.2).apk,9.76 MB,https://archive.org/download/gameloft-j2me-android/Spider-Man_Ultimate_Power_480x800(v1.0.2).apk,
Spider-Man_Ultimate_Power_Demo(v1.0.1).apk,12.51 MB,https://archive.org/download/gameloft-j2me-android/Spider-Man_Ultimate_Power_Demo(v1.0.1).apk,
Spider-Man_Ultimate_Power_Free(v1.0.2).apk,13.74 MB,https://archive.org/download/gameloft-j2me-android/Spider-Man_Ultimate_Power_Free(v1.0.2).apk,
Spider-Man_Ultimate_Power_Free(v4.1.2).apk,13.18 MB,https://archive.org/download/gameloft-j2me-android/Spider-Man_Ultimate_Power_Free(v4.1.2).apk,
Texas_Hold'Em_Poker_2_240x320(v1.1.0).apk,681.00 KB,https://archive.org/download/gameloft-j2me-android/Texas_Hold'Em_Poker_2_240x320(v1.1.0).apk,
Texas_Hold'Em_Poker_2_320x480(v1.1.4).apk,2.62 MB,https://archive.org/download/gameloft-j2me-android/Texas_Hold'Em_Poker_2_320x480(v1.1.4).apk,
Texas_Hold'Em_Poker_2_320x480(v1.1.6).apk,2.66 MB,https://archive.org/download/gameloft-j2me-android/Texas_Hold'Em_Poker_2_320x480(v1.1.6).apk,
Texas_Hold'Em_Poker_2_480x800.apk,3.16 MB,https://archive.org/download/gameloft-j2me-android/Texas_Hold'Em_Poker_2_480x800.apk,
Texas_Hold'Em_Poker_320x480(v1.0.5).apk,2.05 MB,https://archive.org/download/gameloft-j2me-android/Texas_Hold'Em_Poker_320x480(v1.0.5).apk,
Texas_Hold'Em_Poker_320x480(v1.0.7).apk,2.05 MB,https://archive.org/download/gameloft-j2me-android/Texas_Hold'Em_Poker_320x480(v1.0.7).apk,
Texas_Hold'Em_Poker_3_320x480.apk,2.79 MB,https://archive.org/download/gameloft-j2me-android/Texas_Hold'Em_Poker_3_320x480.apk,
Texas_Hold'Em_Poker_3_480x800(v1.0.1).apk,2.84 MB,https://archive.org/download/gameloft-j2me-android/Texas_Hold'Em_Poker_3_480x800(v1.0.1).apk,
Texas_Hold'Em_Poker_480x800(v3.1.0).apk,1.73 MB,https://archive.org/download/gameloft-j2me-android/Texas_Hold'Em_Poker_480x800(v3.1.0).apk,
The Amazing Spider-Man 2.apk,10.43 MB,https://archive.org/download/gameloft-j2me-android/The Amazing Spider-Man 2.apk,
The Amazing Spider-Man.apk,7.82 MB,https://archive.org/download/gameloft-j2me-android/The Amazing Spider-Man.apk,
The Avengers Mobile Game 2D.apk,5.48 MB,https://archive.org/download/gameloft-j2me-android/The Avengers Mobile Game 2D.apk,
The Dark Knight Rises.apk,7.09 MB,https://archive.org/download/gameloft-j2me-android/The Dark Knight Rises.apk,
The_Adventures_of_Tinitin_240x320(v1.1.4).apk,1.51 MB,https://archive.org/download/gameloft-j2me-android/The_Adventures_of_Tinitin_240x320(v1.1.4).apk,
The_Adventures_of_Tinitin_320x480(v1.1.4).apk,3.28 MB,https://archive.org/download/gameloft-j2me-android/The_Adventures_of_Tinitin_320x480(v1.1.4).apk,
The_Adventures_of_Tintin_480x800(v1.1.4).apk,4.97 MB,https://archive.org/download/gameloft-j2me-android/The_Adventures_of_Tintin_480x800(v1.1.4).apk,
The_Amazing_Spider-Man_240x320(v1.0.9).apk,3.41 MB,https://archive.org/download/gameloft-j2me-android/The_Amazing_Spider-Man_240x320(v1.0.9).apk,
The_Amazing_Spider-Man_2_240x320(v1.0.0).apk,4.59 MB,https://archive.org/download/gameloft-j2me-android/The_Amazing_Spider-Man_2_240x320(v1.0.0).apk,
The_Amazing_Spider-Man_2_320x480(v1.0.0).apk,6.35 MB,https://archive.org/download/gameloft-j2me-android/The_Amazing_Spider-Man_2_320x480(v1.0.0).apk,
The_Amazing_Spider-Man_2_480x800(v1.0.0).apk,10.58 MB,https://archive.org/download/gameloft-j2me-android/The_Amazing_Spider-Man_2_480x800(v1.0.0).apk,
The_Amazing_Spider-Man_320x480(v1.1.1).apk,5.10 MB,https://archive.org/download/gameloft-j2me-android/The_Amazing_Spider-Man_320x480(v1.1.1).apk,
The_Amazing_Spider-Man_480x800(v1.1.0).apk,7.22 MB,https://archive.org/download/gameloft-j2me-android/The_Amazing_Spider-Man_480x800(v1.1.0).apk,
The_Amazing_Spider-Man_480x800(v1.2.0).apk,8.68 MB,https://archive.org/download/gameloft-j2me-android/The_Amazing_Spider-Man_480x800(v1.2.0).apk,
The_Avengers_240x320(v1.1.1).apk,2.83 MB,https://archive.org/download/gameloft-j2me-android/The_Avengers_240x320(v1.1.1).apk,
The_Avengers_320x480(v1.1.3).apk,4.32 MB,https://archive.org/download/gameloft-j2me-android/The_Avengers_320x480(v1.1.3).apk,
The_Avengers_480x800(v1.1.0).apk,7.40 MB,https://archive.org/download/gameloft-j2me-android/The_Avengers_480x800(v1.1.0).apk,
The_Avengers_480õ800(v1.4.5).apk,6.69 MB,https://archive.org/download/gameloft-j2me-android/The_Avengers_480õ800(v1.4.5).apk,
The_Dark_Knight_Rises_240x320(v1.1.3).apk,4.19 MB,https://archive.org/download/gameloft-j2me-android/The_Dark_Knight_Rises_240x320(v1.1.3).apk,
The_Dark_Knight_Rises_320x480(v1.1.4).apk,4.17 MB,https://archive.org/download/gameloft-j2me-android/The_Dark_Knight_Rises_320x480(v1.1.4).apk,
The_Dark_Knight_Rises_480x800(v1.1.1).apk,7.12 MB,https://archive.org/download/gameloft-j2me-android/The_Dark_Knight_Rises_480x800(v1.1.1).apk,
The_Dark_Knight_Rises_480x800(v1.1.4).apk,7.09 MB,https://archive.org/download/gameloft-j2me-android/The_Dark_Knight_Rises_480x800(v1.1.4).apk,
The_Oregon_Trail_320x480+_Premium_EN_v1.1.10_UNCENSORED.apk,1.51 MB,https://archive.org/download/gameloft-j2me-android/The_Oregon_Trail_320x480+_Premium_EN_v1.1.10_UNCENSORED.apk,
The_Oregon_Trail_American_Settler_240x320(v1.0.9).apk,4.65 MB,https://archive.org/download/gameloft-j2me-android/The_Oregon_Trail_American_Settler_240x320(v1.0.9).apk,
The_Oregon_Trail_American_Settler_320x480(v1.1.0).apk,4.53 MB,https://archive.org/download/gameloft-j2me-android/The_Oregon_Trail_American_Settler_320x480(v1.1.0).apk,
The_Oregon_Trail_American_Settler_480x800(v1.0.7).apk,5.62 MB,https://archive.org/download/gameloft-j2me-android/The_Oregon_Trail_American_Settler_480x800(v1.0.7).apk,
The_Oregon_Trail_American_Settler_480x800(v1.0.9).apk,6.22 MB,https://archive.org/download/gameloft-j2me-android/The_Oregon_Trail_American_Settler_480x800(v1.0.9).apk,
The_Oregon_Trail_American_Settler_480x800(v1.1.1).apk,5.54 MB,https://archive.org/download/gameloft-j2me-android/The_Oregon_Trail_American_Settler_480x800(v1.1.1).apk,
The_Settlers_320x480(v1.1.1).apk,1.21 MB,https://archive.org/download/gameloft-j2me-android/The_Settlers_320x480(v1.1.1).apk,
The_Settlers_480x800(v1.1.1).apk,1.14 MB,https://archive.org/download/gameloft-j2me-android/The_Settlers_480x800(v1.1.1).apk,
Thor 2 - The Dark World.apk,10.37 MB,https://archive.org/download/gameloft-j2me-android/Thor 2 - The Dark World.apk,
Thor_2_240x320(v1.0.9).apk,5.52 MB,https://archive.org/download/gameloft-j2me-android/Thor_2_240x320(v1.0.9).apk,
Thor_2_320x480(v1.0.9).apk,7.09 MB,https://archive.org/download/gameloft-j2me-android/Thor_2_320x480(v1.0.9).apk,
Thor_2_480x800(v1.0.9).apk,9.94 MB,https://archive.org/download/gameloft-j2me-android/Thor_2_480x800(v1.0.9).apk,
Thor_2_480x800(v1.1.0).apk,10.32 MB,https://archive.org/download/gameloft-j2me-android/Thor_2_480x800(v1.1.0).apk,
Tom Clancy's Ghost Recon - Future Soldier.apk,4.05 MB,https://archive.org/download/gameloft-j2me-android/Tom Clancy's Ghost Recon - Future Soldier.apk,
Total Conquest.apk,8.00 MB,https://archive.org/download/gameloft-j2me-android/Total Conquest.apk,
Total_Conquest_320x480(v1.0.0).apk,5.43 MB,https://archive.org/download/gameloft-j2me-android/Total_Conquest_320x480(v1.0.0).apk,
Total_Conquest_480x800(v1.0.0).apk,8.03 MB,https://archive.org/download/gameloft-j2me-android/Total_Conquest_480x800(v1.0.0).apk,
Total_Conquest_480x800(v1.1.0).apk,8.09 MB,https://archive.org/download/gameloft-j2me-android/Total_Conquest_480x800(v1.1.0).apk,
Total_Conquest_Free(v1.0.2).apk,8.75 MB,https://archive.org/download/gameloft-j2me-android/Total_Conquest_Free(v1.0.2).apk,
UNO_&_Friends_240x320(v1.1.0).apk,2.29 MB,https://archive.org/download/gameloft-j2me-android/UNO_&_Friends_240x320(v1.1.0).apk,
UNO_&_Friends_320x480(v1.0.7).apk,3.00 MB,https://archive.org/download/gameloft-j2me-android/UNO_&_Friends_320x480(v1.0.7).apk,
UNO_&_Friends_480x800(v1.0.9).apk,4.03 MB,https://archive.org/download/gameloft-j2me-android/UNO_&_Friends_480x800(v1.0.9).apk,
UNO_240x320(v3.3.6).apk,3.78 MB,https://archive.org/download/gameloft-j2me-android/UNO_240x320(v3.3.6).apk,
UNO_320x480(v3.0.7).apk,3.25 MB,https://archive.org/download/gameloft-j2me-android/UNO_320x480(v3.0.7).apk,
UNO_320x480(v3.4.2).apk,4.06 MB,https://archive.org/download/gameloft-j2me-android/UNO_320x480(v3.4.2).apk,
UNO_480x800(v1.0.7).apk,3.25 MB,https://archive.org/download/gameloft-j2me-android/UNO_480x800(v1.0.7).apk,
UNO_480x800(v1.0.8).apk,9.44 MB,https://archive.org/download/gameloft-j2me-android/UNO_480x800(v1.0.8).apk,
Where_is_Wally_Now_240x320(v1.1.6).apk,1.55 MB,https://archive.org/download/gameloft-j2me-android/Where_is_Wally_Now_240x320(v1.1.6).apk,
Where_is_Wally_Now_320x480(v1.1.6).apk,2.98 MB,https://archive.org/download/gameloft-j2me-android/Where_is_Wally_Now_320x480(v1.1.6).apk,
Where_is_Wally_Now_480x800(v1.0.4).apk,8.62 MB,https://archive.org/download/gameloft-j2me-android/Where_is_Wally_Now_480x800(v1.0.4).apk,
Where_is_Wally_Now_480x800(v1.1.6).apk,5.62 MB,https://archive.org/download/gameloft-j2me-android/Where_is_Wally_Now_480x800(v1.1.6).apk,
Wonder_Zoo_240x320(v1.1.4).apk,3.01 MB,https://archive.org/download/gameloft-j2me-android/Wonder_Zoo_240x320(v1.1.4).apk,
Wonder_Zoo_320x480(v1.1.5).apk,3.20 MB,https://archive.org/download/gameloft-j2me-android/Wonder_Zoo_320x480(v1.1.5).apk,
Wonder_Zoo_480x800(v1.1.4).apk,4.65 MB,https://archive.org/download/gameloft-j2me-android/Wonder_Zoo_480x800(v1.1.4).apk,
Wonder_Zoo_480x800(v4.0.5).apk,5.96 MB,https://archive.org/download/gameloft-j2me-android/Wonder_Zoo_480x800(v4.0.5).apk,
Wonder_Zoo_Free(v4.0.1).apk,5.52 MB,https://archive.org/download/gameloft-j2me-android/Wonder_Zoo_Free(v4.0.1).apk,
World_at_Arms_240x320(v1.0.0).apk,4.21 MB,https://archive.org/download/gameloft-j2me-android/World_at_Arms_240x320(v1.0.0).apk,
World_at_Arms_320x480(v1.0.0).apk,4.85 MB,https://archive.org/download/gameloft-j2me-android/World_at_Arms_320x480(v1.0.0).apk,
World_at_Arms_480x800(v1.0.1).apk,7.58 MB,https://archive.org/download/gameloft-j2me-android/World_at_Arms_480x800(v1.0.1).apk,
World_at_Arms_480x800(v1.0.7).apk,7.74 MB,https://archive.org/download/gameloft-j2me-android/World_at_Arms_480x800(v1.0.7).apk,
World_at_Arms_Free_(v1.0.1).apk,7.66 MB,https://archive.org/download/gameloft-j2me-android/World_at_Arms_Free_(v1.0.1).apk,
Wrath of The Titans.apk,6.89 MB,https://archive.org/download/gameloft-j2me-android/Wrath of The Titans.apk,
Wrath_Of_The_Titans_240x320(v1.1.0).apk,2.99 MB,https://archive.org/download/gameloft-j2me-android/Wrath_Of_The_Titans_240x320(v1.1.0).apk,
Wrath_of_the_Titans_320x480(v1.1.1).apk,4.61 MB,https://archive.org/download/gameloft-j2me-android/Wrath_of_the_Titans_320x480(v1.1.1).apk,
Wrath_of_the_Titans_480x800(v1.1.1).apk,6.89 MB,https://archive.org/download/gameloft-j2me-android/Wrath_of_the_Titans_480x800(v1.1.1).apk,
Zombie Infection 2.apk,1.93 MB,https://archive.org/download/gameloft-j2me-android/Zombie Infection 2.apk,
Zombie_Infection_2_PREMIUM_480x800+_EN_v1.0.2_UNCENSORED.apk,1.88 MB,https://archive.org/download/gameloft-j2me-android/Zombie_Infection_2_PREMIUM_480x800+_EN_v1.0.2_UNCENSORED.apk,
Zombie_Infection_2_PREMIUM_480x800_EN_v1.0.1_UNCENSORED.apk,1.95 MB,https://archive.org/download/gameloft-j2me-android/Zombie_Infection_2_PREMIUM_480x800_EN_v1.0.1_UNCENSORED.apk,
Zombiewood.apk,7.20 MB,https://archive.org/download/gameloft-j2me-android/Zombiewood.apk,
Zombiewood_240x320(v1.0.7).apk,3.92 MB,https://archive.org/download/gameloft-j2me-android/Zombiewood_240x320(v1.0.7).apk,
Zombiewood_320x480(v1.0.9).apk,4.98 MB,https://archive.org/download/gameloft-j2me-android/Zombiewood_320x480(v1.0.9).apk,
Zombiewood_480x800(v1.1.1).apk,7.20 MB,https://archive.org/download/gameloft-j2me-android/Zombiewood_480x800(v1.1.1).apk,
