FileName,Size,DownloadLink,ModifiedTime
A-Train HX (EU).iso,7835492352,https://archive.org/download/CentralArquivista-XBOX360-part2/A-Train HX (EU).iso,1728404902
Assassins Creed 3 (EU - AS) - Disc-1.iso,8738846720,https://archive.org/download/CentralArquivista-XBOX360-part2/Assassins Creed 3 (EU - AS) - Disc-1.iso,1728388450
Assassins Creed 3 (EU - AS) - Disc-2.iso,8738846720,https://archive.org/download/CentralArquivista-XBOX360-part2/Assassins Creed 3 (EU - AS) - Disc-2.iso,1728388803
Assassins Creed 3 (EU) (Rev-1) - Disc-1.iso,8738846720,https://archive.org/download/CentralArquivista-XBOX360-part2/Assassins Creed 3 (EU) (Rev-1) - Disc-1.iso,1728398561
Assassins Creed 3 (EU) (Rev-1) - Disc-2.iso,8738846720,https://archive.org/download/CentralArquivista-XBOX360-part2/Assassins Creed 3 (EU) (Rev-1) - Disc-2.iso,1728398881
Assassins Creed 3 (EU) - Disc-1.iso,8738846720,https://archive.org/download/CentralArquivista-XBOX360-part2/Assassins Creed 3 (EU) - Disc-1.iso,1728390387
Assassins Creed 3 (EU) - Disc-2.iso,8738846720,https://archive.org/download/CentralArquivista-XBOX360-part2/Assassins Creed 3 (EU) - Disc-2.iso,1728390672
Assassins Creed 3 (JP - KO) - Disc-1.iso,8738846720,https://archive.org/download/CentralArquivista-XBOX360-part2/Assassins Creed 3 (JP - KO) - Disc-1.iso,1728399202
Assassins Creed 3 (JP - KO) - Disc-2.iso,8738846720,https://archive.org/download/CentralArquivista-XBOX360-part2/Assassins Creed 3 (JP - KO) - Disc-2.iso,1728399514
Assassins Creed 3 (US) (Multiplayer) (Rev-1) - Disc-2.iso,8738846720,https://archive.org/download/CentralArquivista-XBOX360-part2/Assassins Creed 3 (US) (Multiplayer) (Rev-1) - Disc-2.iso,1728400291
Assassins Creed 3 (US) (Multiplayer) - Disc-2.iso,8738846720,https://archive.org/download/CentralArquivista-XBOX360-part2/Assassins Creed 3 (US) (Multiplayer) - Disc-2.iso,1728399848
Assassins Creed 3 (US) (Single-player) (Rev-1) - Disc-1.iso,8738846720,https://archive.org/download/CentralArquivista-XBOX360-part2/Assassins Creed 3 (US) (Single-player) (Rev-1) - Disc-1.iso,1728400974
Assassins Creed 3 (US) (Single-player) - Disc-1.iso,8738846720,https://archive.org/download/CentralArquivista-XBOX360-part2/Assassins Creed 3 (US) (Single-player) - Disc-1.iso,1728400645
Assassins Creed 4 - Black Flag (EU) (Multiplayer) - Disc-2.iso,8738846720,https://archive.org/download/CentralArquivista-XBOX360-part2/Assassins Creed 4 - Black Flag (EU) (Multiplayer) - Disc-2.iso,1728401694
Assassins Creed 4 - Black Flag (EU) - Disc-1.iso,8738846720,https://archive.org/download/CentralArquivista-XBOX360-part2/Assassins Creed 4 - Black Flag (EU) - Disc-1.iso,1728401307
Assassins Creed 4 - Black Flag (JP - KO) (Multiplayer) - Disc-2.iso,8738846720,https://archive.org/download/CentralArquivista-XBOX360-part2/Assassins Creed 4 - Black Flag (JP - KO) (Multiplayer) - Disc-2.iso,1728402381
Assassins Creed 4 - Black Flag (JP - KO) - Disc-1.iso,8738846720,https://archive.org/download/CentralArquivista-XBOX360-part2/Assassins Creed 4 - Black Flag (JP - KO) - Disc-1.iso,1728402051
Assassins Creed 4 - Black Flag (UK - AU) - Disc-1.iso,8738846720,https://archive.org/download/CentralArquivista-XBOX360-part2/Assassins Creed 4 - Black Flag (UK - AU) - Disc-1.iso,1728402705
Assassins Creed 4 - Black Flag (UK - AU) - Disc-2.iso,8738846720,https://archive.org/download/CentralArquivista-XBOX360-part2/Assassins Creed 4 - Black Flag (UK - AU) - Disc-2.iso,1728403036
Assassins Creed 4 - Black Flag (US - EU) - Disc-1.iso,8738846720,https://archive.org/download/CentralArquivista-XBOX360-part2/Assassins Creed 4 - Black Flag (US - EU) - Disc-1.iso,1728403377
Assassins Creed 4 - Black Flag (US - EU) - Disc-2.iso,8738846720,https://archive.org/download/CentralArquivista-XBOX360-part2/Assassins Creed 4 - Black Flag (US - EU) - Disc-2.iso,1728403767
Asterix at the Olympic Games (CA).iso,7835492352,https://archive.org/download/CentralArquivista-XBOX360-part2/Asterix at the Olympic Games (CA).iso,1728404166
Asuras Wrath (WR).iso,8738846720,https://archive.org/download/CentralArquivista-XBOX360-part2/Asuras Wrath (WR).iso,1728404560
Atsumare! Pinata (JP).iso,7834892288,https://archive.org/download/CentralArquivista-XBOX360-part2/Atsumare! Pinata (JP).iso,1728405215
Attack of the Movies 3-D (US).iso,7838695424,https://archive.org/download/CentralArquivista-XBOX360-part2/Attack of the Movies 3-D (US).iso,1728405560
Autobahn Polizei (US).iso,7838695424,https://archive.org/download/CentralArquivista-XBOX360-part2/Autobahn Polizei (US).iso,1728405948
Back to the Future - The Game - 30th Anniversary Edition (US).iso,7838695424,https://archive.org/download/CentralArquivista-XBOX360-part2/Back to the Future - The Game - 30th Anniversary Edition (US).iso,1728481657
Backbreaker (US - EU).iso,7838695424,https://archive.org/download/CentralArquivista-XBOX360-part2/Backbreaker (US - EU).iso,1728481923
Backyard Sports - Rookie Rush (US).iso,7838695424,https://archive.org/download/CentralArquivista-XBOX360-part2/Backyard Sports - Rookie Rush (US).iso,1728482154
Backyard Sports - Sandlot Sluggers (US).iso,7838695424,https://archive.org/download/CentralArquivista-XBOX360-part2/Backyard Sports - Sandlot Sluggers (US).iso,1728482388
Baja - Edge of Control (EU).iso,7835492352,https://archive.org/download/CentralArquivista-XBOX360-part2/Baja - Edge of Control (EU).iso,1728482658
Baja - Edge of Control (US).iso,7835492352,https://archive.org/download/CentralArquivista-XBOX360-part2/Baja - Edge of Control (US).iso,1728482921
Bakugan - Battle Brawlers (US).iso,7838695424,https://archive.org/download/CentralArquivista-XBOX360-part2/Bakugan - Battle Brawlers (US).iso,1728483202
Bakugan - Defenders of the Core (US).iso,7838695424,https://archive.org/download/CentralArquivista-XBOX360-part2/Bakugan - Defenders of the Core (US).iso,1728483486
Band Hero (US - EU).iso,7838695424,https://archive.org/download/CentralArquivista-XBOX360-part2/Band Hero (US - EU).iso,1728483779
BandFuse - Rock Legends (US).iso,7838695424,https://archive.org/download/CentralArquivista-XBOX360-part2/BandFuse - Rock Legends (US).iso,1728484070
Banjo-Kazooie - Nuts and Bolts (EU).iso,7835492352,https://archive.org/download/CentralArquivista-XBOX360-part2/Banjo-Kazooie - Nuts and Bolts (EU).iso,1728484373
Banjo-Kazooie - Nuts and Bolts (JP).iso,7835492352,https://archive.org/download/CentralArquivista-XBOX360-part2/Banjo-Kazooie - Nuts and Bolts (JP).iso,1728484653
Banjo-Kazooie - Nuts and Bolts (US).iso,7835492352,https://archive.org/download/CentralArquivista-XBOX360-part2/Banjo-Kazooie - Nuts and Bolts (US).iso,1728484913
Barbie and Her Sisters - Puppy Rescue (US).iso,7838695424,https://archive.org/download/CentralArquivista-XBOX360-part2/Barbie and Her Sisters - Puppy Rescue (US).iso,1728485176
Bass Pro Shops - The Hunt (US).iso,7838695424,https://archive.org/download/CentralArquivista-XBOX360-part2/Bass Pro Shops - The Hunt (US).iso,1728485441
Bass Pro Shops - The Strike (US).iso,7838695424,https://archive.org/download/CentralArquivista-XBOX360-part2/Bass Pro Shops - The Strike (US).iso,1728485713
Batman - Arkham Asylum (JP).iso,7838695424,https://archive.org/download/CentralArquivista-XBOX360-part2/Batman - Arkham Asylum (JP).iso,1728486552
Batman - Arkham Asylum (US - EU).iso,7838695424,https://archive.org/download/CentralArquivista-XBOX360-part2/Batman - Arkham Asylum (US - EU).iso,1728486860
Batman - Arkham Asylum - Game of the Year Edition (EU).iso,7838695424,https://archive.org/download/CentralArquivista-XBOX360-part2/Batman - Arkham Asylum - Game of the Year Edition (EU).iso,1728485977
Batman - Arkham Asylum - Game of the Year Edition (US).iso,7838695424,https://archive.org/download/CentralArquivista-XBOX360-part2/Batman - Arkham Asylum - Game of the Year Edition (US).iso,1728486280
Batman - Arkham City (WR).iso,8738846720,https://archive.org/download/CentralArquivista-XBOX360-part2/Batman - Arkham City (WR).iso,1728487749
Batman - Arkham City - Game of the Year Edition (US - EU) - Disc-1.iso,8738846720,https://archive.org/download/CentralArquivista-XBOX360-part2/Batman - Arkham City - Game of the Year Edition (US - EU) - Disc-1.iso,1728487164
Batman - Arkham City - Game of the Year Edition (US - EU) - Disc-2.iso,8738846720,https://archive.org/download/CentralArquivista-XBOX360-part2/Batman - Arkham City - Game of the Year Edition (US - EU) - Disc-2.iso,1728487455
Batman - Arkham Origins (BR) - Disc-1.iso,8738846720,https://archive.org/download/CentralArquivista-XBOX360-part2/Batman - Arkham Origins (BR) - Disc-1.iso,1728488055
Batman - Arkham Origins (BR) - Disc-2.iso,8738846720,https://archive.org/download/CentralArquivista-XBOX360-part2/Batman - Arkham Origins (BR) - Disc-2.iso,1728488368
Batman - Arkham Origins (US - EU) - Disc-1.iso,8738846720,https://archive.org/download/CentralArquivista-XBOX360-part2/Batman - Arkham Origins (US - EU) - Disc-1.iso,1728488680
Batman - Arkham Origins (US - EU) - Disc-2.iso,8738846720,https://archive.org/download/CentralArquivista-XBOX360-part2/Batman - Arkham Origins (US - EU) - Disc-2.iso,1728488983
Batman - The Telltale Series (US).iso,7838695424,https://archive.org/download/CentralArquivista-XBOX360-part2/Batman - The Telltale Series (US).iso,1728489259
Battle Fantasia (EU).iso,7835492352,https://archive.org/download/CentralArquivista-XBOX360-part2/Battle Fantasia (EU).iso,1728489516
Battle Fantasia (JP).iso,7835492352,https://archive.org/download/CentralArquivista-XBOX360-part2/Battle Fantasia (JP).iso,1728489792
Battle Fantasia (US).iso,7835492352,https://archive.org/download/CentralArquivista-XBOX360-part2/Battle Fantasia (US).iso,1728490076
Battle vs. Chess (EU).iso,7838695424,https://archive.org/download/CentralArquivista-XBOX360-part2/Battle vs. Chess (EU).iso,1728490344
Battlefield - Bad Company (EU) (Gold Edition).iso,7835492352,https://archive.org/download/CentralArquivista-XBOX360-part2/Battlefield - Bad Company (EU) (Gold Edition).iso,1728490905
Battlefield - Bad Company (EU).iso,7835492352,https://archive.org/download/CentralArquivista-XBOX360-part2/Battlefield - Bad Company (EU).iso,1728490633
Battlefield - Bad Company (JP).iso,7835492352,https://archive.org/download/CentralArquivista-XBOX360-part2/Battlefield - Bad Company (JP).iso,1728491197
Battlefield - Bad Company (US) (Gold Edition).iso,7835492352,https://archive.org/download/CentralArquivista-XBOX360-part2/Battlefield - Bad Company (US) (Gold Edition).iso,1728491753
Battlefield - Bad Company (US).iso,7835492352,https://archive.org/download/CentralArquivista-XBOX360-part2/Battlefield - Bad Company (US).iso,1728491465
Battlefield - Bad Company 2 (EU) (Limited Edition).iso,7838695424,https://archive.org/download/CentralArquivista-XBOX360-part2/Battlefield - Bad Company 2 (EU) (Limited Edition).iso,1728492194
Battlefield - Bad Company 2 (EU).iso,7838695424,https://archive.org/download/CentralArquivista-XBOX360-part2/Battlefield - Bad Company 2 (EU).iso,1728492655
Battlefield - Bad Company 2 (JP).iso,7838695424,https://archive.org/download/CentralArquivista-XBOX360-part2/Battlefield - Bad Company 2 (JP).iso,1728493118
Battlefield - Bad Company 2 (US - KR)).iso,7838695424,https://archive.org/download/CentralArquivista-XBOX360-part2/Battlefield - Bad Company 2 (US - KR)).iso,1728494184
Battlefield - Bad Company 2 (US) (Limited Edition).iso,7838695424,https://archive.org/download/CentralArquivista-XBOX360-part2/Battlefield - Bad Company 2 (US) (Limited Edition).iso,1728493816
Battlefield 2 - Modern Combat (DE).iso,7834892288,https://archive.org/download/CentralArquivista-XBOX360-part2/Battlefield 2 - Modern Combat (DE).iso,1728494870
Battlefield 2 - Modern Combat (ES).iso,7834892288,https://archive.org/download/CentralArquivista-XBOX360-part2/Battlefield 2 - Modern Combat (ES).iso,1728495853
Battlefield 2 - Modern Combat (EU).iso,7834892288,https://archive.org/download/CentralArquivista-XBOX360-part2/Battlefield 2 - Modern Combat (EU).iso,1728494544
Battlefield 2 - Modern Combat (IT).iso,7834892288,https://archive.org/download/CentralArquivista-XBOX360-part2/Battlefield 2 - Modern Combat (IT).iso,1728495198
Battlefield 2 - Modern Combat (JP).iso,7834892288,https://archive.org/download/CentralArquivista-XBOX360-part2/Battlefield 2 - Modern Combat (JP).iso,1728495488
Battlefield 2 - Modern Combat (US).iso,7834892288,https://archive.org/download/CentralArquivista-XBOX360-part2/Battlefield 2 - Modern Combat (US).iso,1728496206
Battlefield 3 (JP - KR) (Multiplay-COOP) - Disc-1.iso,8738846720,https://archive.org/download/CentralArquivista-XBOX360-part2/Battlefield 3 (JP - KR) (Multiplay-COOP) - Disc-1.iso,1728496568
Battlefield 3 (JP - KR) (Single-Play) - Disc-2.iso,8738846720,https://archive.org/download/CentralArquivista-XBOX360-part2/Battlefield 3 (JP - KR) (Single-Play) - Disc-2.iso,1728496901
Battlefield 3 (US - EU) (Multiplayer-Co-Op) - Disc-1.iso,8738846720,https://archive.org/download/CentralArquivista-XBOX360-part2/Battlefield 3 (US - EU) (Multiplayer-Co-Op) - Disc-1.iso,1728497194
Battlefield 3 (US - EU) (Single-Player Campaign) - Disc-2.iso,8738846720,https://archive.org/download/CentralArquivista-XBOX360-part2/Battlefield 3 (US - EU) (Single-Player Campaign) - Disc-2.iso,1728497545
Battlefield 4 (JP) - Disc-1.iso,8738846720,https://archive.org/download/CentralArquivista-XBOX360-part2/Battlefield 4 (JP) - Disc-1.iso,1728497895
Battlefield 4 (JP) - Disc-2.iso,8738846720,https://archive.org/download/CentralArquivista-XBOX360-part2/Battlefield 4 (JP) - Disc-2.iso,1728498165
Battlefield 4 (US - EU) - Disc-1.iso,8738846720,https://archive.org/download/CentralArquivista-XBOX360-part2/Battlefield 4 (US - EU) - Disc-1.iso,1728498470
Battlefield 4 (US - EU) - Disc-2.iso,8738846720,https://archive.org/download/CentralArquivista-XBOX360-part2/Battlefield 4 (US - EU) - Disc-2.iso,1728498765
Battlefield Hardline (US - EU) (Install-Multiplayer) - Disc-1.iso,8738846720,https://archive.org/download/CentralArquivista-XBOX360-part2/Battlefield Hardline (US - EU) (Install-Multiplayer) - Disc-1.iso,1728499041
Battlefield Hardline (US - EU) (Single Player) - Disc-2.iso,8738846720,https://archive.org/download/CentralArquivista-XBOX360-part2/Battlefield Hardline (US - EU) (Single Player) - Disc-2.iso,1728499323
Battleship (US).iso,7838695424,https://archive.org/download/CentralArquivista-XBOX360-part2/Battleship (US).iso,1728499592
Battlestations - Midway (JP).iso,7835492352,https://archive.org/download/CentralArquivista-XBOX360-part2/Battlestations - Midway (JP).iso,1728499843
Battlestations - Midway (US - EU).iso,7834892288,https://archive.org/download/CentralArquivista-XBOX360-part2/Battlestations - Midway (US - EU).iso,1728500121
Battlestations - Pacific (US).iso,7838695424,https://archive.org/download/CentralArquivista-XBOX360-part2/Battlestations - Pacific (US).iso,1728500374
Bayonetta (JP).iso,7838695424,https://archive.org/download/CentralArquivista-XBOX360-part2/Bayonetta (JP).iso,1731239341
Bayonetta (US - EU).iso,7838695424,https://archive.org/download/CentralArquivista-XBOX360-part2/Bayonetta (US - EU).iso,1731240477
Beautiful Katamari Damacy (JP - AS).iso,7835492352,https://archive.org/download/CentralArquivista-XBOX360-part2/Beautiful Katamari Damacy (JP - AS).iso,1731331696
Beijing 2008 (JP).iso,7835492352,https://archive.org/download/CentralArquivista-XBOX360-part2/Beijing 2008 (JP).iso,1731331934
Beijing 2008 (US - EU).iso,7835492352,https://archive.org/download/CentralArquivista-XBOX360-part2/Beijing 2008 (US - EU).iso,1731332207
Bejeweled 3 (EU).iso,7838695424,https://archive.org/download/CentralArquivista-XBOX360-part2/Bejeweled 3 (EU).iso,1731332470
Bejeweled 3 (US).iso,7838695424,https://archive.org/download/CentralArquivista-XBOX360-part2/Bejeweled 3 (US).iso,1731332727
Ben 10 - Alien Force - Vilgax Attacks (US - EU).iso,7838695424,https://archive.org/download/CentralArquivista-XBOX360-part2/Ben 10 - Alien Force - Vilgax Attacks (US - EU).iso,1731332997
Ben 10 - Galactic Racing (US - EU).iso,7838695424,https://archive.org/download/CentralArquivista-XBOX360-part2/Ben 10 - Galactic Racing (US - EU).iso,1731333242
Ben 10 - Omniverse (US).iso,7838695424,https://archive.org/download/CentralArquivista-XBOX360-part2/Ben 10 - Omniverse (US).iso,1731333489
Ben 10 - Omniverse 2 (US - EU).iso,7838695424,https://archive.org/download/CentralArquivista-XBOX360-part2/Ben 10 - Omniverse 2 (US - EU).iso,1731333750
Ben 10 - Ultimate Alien - Cosmic Destruction (US).iso,7838695424,https://archive.org/download/CentralArquivista-XBOX360-part2/Ben 10 - Ultimate Alien - Cosmic Destruction (US).iso,1731334008
Beowulf - The Game (US - EU).iso,7835492352,https://archive.org/download/CentralArquivista-XBOX360-part2/Beowulf - The Game (US - EU).iso,1731334276
007 - Blood Stone (US - EU).iso,7838695424,https://archive.org/download/CentralArquivista-XBOX360-part1/007 - Blood Stone (US - EU).iso,1728037003
007 - Ein Quantum Trost (DE).iso,7835492352,https://archive.org/download/CentralArquivista-XBOX360-part1/007 - Ein Quantum Trost (DE).iso,1728037343
007 - Legends (US).iso,8738846720,https://archive.org/download/CentralArquivista-XBOX360-part1/007 - Legends (US).iso,1728037686
007 - Nagusame no Houshuu (JP).iso,7835492352,https://archive.org/download/CentralArquivista-XBOX360-part1/007 - Nagusame no Houshuu (JP).iso,1728037952
007 - Quantum of Solace (ES).iso,7835492352,https://archive.org/download/CentralArquivista-XBOX360-part1/007 - Quantum of Solace (ES).iso,1728038464
007 - Quantum of Solace (IT).iso,7835492352,https://archive.org/download/CentralArquivista-XBOX360-part1/007 - Quantum of Solace (IT).iso,1728038723
007 - Quantum of Solace (US - EU).iso,7835492352,https://archive.org/download/CentralArquivista-XBOX360-part1/007 - Quantum of Solace (US - EU).iso,1728039624
11eyes CrossOver (JP).iso,7838695424,https://archive.org/download/CentralArquivista-XBOX360-part1/11eyes CrossOver (JP).iso,1728039969
2010 FIFA World Cup - Minami Africa Taikai (JP).iso,7838695424,https://archive.org/download/CentralArquivista-XBOX360-part1/2010 FIFA World Cup - Minami Africa Taikai (JP).iso,1728040790
"2010 FIFA World Cup - South Africa (EU) (En,Es,Nl).iso",7838695424,"https://archive.org/download/CentralArquivista-XBOX360-part1/2010 FIFA World Cup - South Africa (EU) (En,Es,Nl).iso",1728041061
"2010 FIFA World Cup - South Africa (EU) (Fr,De,It).iso",7838695424,"https://archive.org/download/CentralArquivista-XBOX360-part1/2010 FIFA World Cup - South Africa (EU) (Fr,De,It).iso",1728042488
2010 FIFA World Cup - South Africa (US - AS).iso,7838695424,https://archive.org/download/CentralArquivista-XBOX360-part1/2010 FIFA World Cup - South Africa (US - AS).iso,1728042727
"2014 FIFA World Cup - Brazil (EU) (En,De,It).iso",8738846720,"https://archive.org/download/CentralArquivista-XBOX360-part1/2014 FIFA World Cup - Brazil (EU) (En,De,It).iso",1728043804
"2014 FIFA World Cup - Brazil (EU) (Fr,Es,Nl).iso",8738846720,"https://archive.org/download/CentralArquivista-XBOX360-part1/2014 FIFA World Cup - Brazil (EU) (Fr,Es,Nl).iso",1728044067
2014 FIFA World Cup - Brazil (JP).iso,8738846720,https://archive.org/download/CentralArquivista-XBOX360-part1/2014 FIFA World Cup - Brazil (JP).iso,1728044327
2014 FIFA World Cup - Brazil (US).iso,8738846720,https://archive.org/download/CentralArquivista-XBOX360-part1/2014 FIFA World Cup - Brazil (US).iso,1728045259
50 Cent - Blood on the Sand (JP).iso,7838695424,https://archive.org/download/CentralArquivista-XBOX360-part1/50 Cent - Blood on the Sand (JP).iso,1728040249
50 Cent - Blood on the Sand (US - EU).iso,7835492352,https://archive.org/download/CentralArquivista-XBOX360-part1/50 Cent - Blood on the Sand (US - EU).iso,1728040507
A Ressha de Ikou HX (JP).iso,7834892288,https://archive.org/download/CentralArquivista-XBOX360-part1/A Ressha de Ikou HX (JP).iso,1728045527
ABC Wipeout 3 (US).iso,7838695424,https://archive.org/download/CentralArquivista-XBOX360-part1/ABC Wipeout 3 (US).iso,1728046012
AC-DC Live - Rock Band (EU).iso,7835492352,https://archive.org/download/CentralArquivista-XBOX360-part1/AC-DC Live - Rock Band (EU).iso,1728088477
AC-DC Live - Rock Band Track Pack (US).iso,7835492352,https://archive.org/download/CentralArquivista-XBOX360-part1/AC-DC Live - Rock Band Track Pack (US).iso,1728088769
AFL Live (AU).iso,7838695424,https://archive.org/download/CentralArquivista-XBOX360-part1/AFL Live (AU).iso,1728105484
AFL Live 2 (AU).iso,7838695424,https://archive.org/download/CentralArquivista-XBOX360-part1/AFL Live 2 (AU).iso,1728105741
Absolute - Blazing Infinity (JP).iso,7835492352,https://archive.org/download/CentralArquivista-XBOX360-part1/Absolute - Blazing Infinity (JP).iso,1728088193
Ace Combat - Assault Horizon (EU).iso,8738846720,https://archive.org/download/CentralArquivista-XBOX360-part1/Ace Combat - Assault Horizon (EU).iso,1728089218
Ace Combat - Assault Horizon (JP).iso,8738846720,https://archive.org/download/CentralArquivista-XBOX360-part1/Ace Combat - Assault Horizon (JP).iso,1728089578
Ace Combat - Assault Horizon (US).iso,8738846720,https://archive.org/download/CentralArquivista-XBOX360-part1/Ace Combat - Assault Horizon (US).iso,1728089956
Ace Combat 6 - Fires of Liberation (EU)(Rev-1).iso,7835492352,https://archive.org/download/CentralArquivista-XBOX360-part1/Ace Combat 6 - Fires of Liberation (EU)(Rev-1).iso,1728090362
Ace Combat 6 - Fires of Liberation (EU).iso,7835492352,https://archive.org/download/CentralArquivista-XBOX360-part1/Ace Combat 6 - Fires of Liberation (EU).iso,1728090778
Ace Combat 6 - Fires of Liberation (US - JP).iso,7835492352,https://archive.org/download/CentralArquivista-XBOX360-part1/Ace Combat 6 - Fires of Liberation (US - JP).iso,1728091162
Ace Combat 6 - Kaihou e no Senka (JP - AS).iso,7835492352,https://archive.org/download/CentralArquivista-XBOX360-part1/Ace Combat 6 - Kaihou e no Senka (JP - AS).iso,1728091548
Adidas miCoach (EU) - Disc-1.iso,8738846720,https://archive.org/download/CentralArquivista-XBOX360-part1/Adidas miCoach (EU) - Disc-1.iso,1728102970
Adidas miCoach (EU) - Disc-2.iso,8738846720,https://archive.org/download/CentralArquivista-XBOX360-part1/Adidas miCoach (EU) - Disc-2.iso,1728103261
Adidas miCoach (US) - Disc-1.iso,8738846720,https://archive.org/download/CentralArquivista-XBOX360-part1/Adidas miCoach (US) - Disc-1.iso,1728103524
Adidas miCoach (US) - Disc-2.iso,8738846720,https://archive.org/download/CentralArquivista-XBOX360-part1/Adidas miCoach (US) - Disc-2.iso,1728103809
Adrenalin Misfits (US).iso,7838695424,https://archive.org/download/CentralArquivista-XBOX360-part1/Adrenalin Misfits (US).iso,1728104189
Adventure Time - Explore the Dungeon Because I Dont Know! (US - EU)).iso,7838695424,https://archive.org/download/CentralArquivista-XBOX360-part1/Adventure Time - Explore the Dungeon Because I Dont Know! (US - EU)).iso,1728104466
Adventure Time - Finn and Jake Investigations (US).iso,7838695424,https://archive.org/download/CentralArquivista-XBOX360-part1/Adventure Time - Finn and Jake Investigations (US).iso,1728104775
Adventure Time - The Secret of the Nameless Kingdom (US - AU).iso,7838695424,https://archive.org/download/CentralArquivista-XBOX360-part1/Adventure Time - The Secret of the Nameless Kingdom (US - AU).iso,1728105219
Afro Samurai (EU).iso,7835492352,https://archive.org/download/CentralArquivista-XBOX360-part1/Afro Samurai (EU).iso,1728105998
Afro Samurai (US).iso,7835492352,https://archive.org/download/CentralArquivista-XBOX360-part1/Afro Samurai (US).iso,1728140043
Agarest Senki - Re-appearance (JP).iso,7835492352,https://archive.org/download/CentralArquivista-XBOX360-part1/Agarest Senki - Re-appearance (JP).iso,1728140311
Agarest Senki Zero - Dawn of War (JP).iso,7838695424,https://archive.org/download/CentralArquivista-XBOX360-part1/Agarest Senki Zero - Dawn of War (JP).iso,1728141010
Air Conflicts - Pacific Carriers (EU).iso,7838695424,https://archive.org/download/CentralArquivista-XBOX360-part1/Air Conflicts - Pacific Carriers (EU).iso,1728141298
Air Conflicts - Secret Wars (US).iso,7838695424,https://archive.org/download/CentralArquivista-XBOX360-part1/Air Conflicts - Secret Wars (US).iso,1728141590
Air Conflicts - Vietnam (US).iso,7838695424,https://archive.org/download/CentralArquivista-XBOX360-part1/Air Conflicts - Vietnam (US).iso,1728141877
Akai Katana (US).iso,7838695424,https://archive.org/download/CentralArquivista-XBOX360-part1/Akai Katana (US).iso,1728142146
Akai Katana Shin (JP).iso,7838695424,https://archive.org/download/CentralArquivista-XBOX360-part1/Akai Katana Shin (JP).iso,1728142448
Akatsuki no Amaneka to Aoi Kyojin - Pashiate Bunmei Kenkyuukai Koubouki (JP).iso,7838695424,https://archive.org/download/CentralArquivista-XBOX360-part1/Akatsuki no Amaneka to Aoi Kyojin - Pashiate Bunmei Kenkyuukai Koubouki (JP).iso,1728142724
Alan Wake (US - EU) (Bonus Disc).iso,7838695424,https://archive.org/download/CentralArquivista-XBOX360-part1/Alan Wake (US - EU) (Bonus Disc).iso,1728143015
Alan Wake (WR).iso,7838695424,https://archive.org/download/CentralArquivista-XBOX360-part1/Alan Wake (WR).iso,1728143304
Alice - Madness Returns (US - EU).iso,7838695424,https://archive.org/download/CentralArquivista-XBOX360-part1/Alice - Madness Returns (US - EU).iso,1728143591
Alien - Isolation (US - EU) (Installation Disc) - Disc-1.iso,7838695424,https://archive.org/download/CentralArquivista-XBOX360-part1/Alien - Isolation (US - EU) (Installation Disc) - Disc-1.iso,1728144124
Alien - Isolation (US) - Disc-2.iso,7838695424,https://archive.org/download/CentralArquivista-XBOX360-part1/Alien - Isolation (US) - Disc-2.iso,1728143851
Alien Breed - Trilogy (EU).iso,7838695424,https://archive.org/download/CentralArquivista-XBOX360-part1/Alien Breed - Trilogy (EU).iso,1728144507
Alien vs Predator (US - EU).iso,7838695424,https://archive.org/download/CentralArquivista-XBOX360-part1/Alien vs Predator (US - EU).iso,1728216767
Aliens - Colonial Marines (RU).iso,7838695424,https://archive.org/download/CentralArquivista-XBOX360-part1/Aliens - Colonial Marines (RU).iso,1728144778
Aliens - Colonial Marines (US - EU).iso,7838695424,https://archive.org/download/CentralArquivista-XBOX360-part1/Aliens - Colonial Marines (US - EU).iso,1728145027
Alone in the Dark (US - EU).iso,7835492352,https://archive.org/download/CentralArquivista-XBOX360-part1/Alone in the Dark (US - EU).iso,1728217012
Alpha Protocol (US - EU).iso,7838695424,https://archive.org/download/CentralArquivista-XBOX360-part1/Alpha Protocol (US - EU).iso,1728217302
Alvin and the Chipmunks - Chipwrecked (US).iso,7838695424,https://archive.org/download/CentralArquivista-XBOX360-part1/Alvin and the Chipmunks - Chipwrecked (US).iso,1728217551
America Army - True Soldiers (US).iso,7835492352,https://archive.org/download/CentralArquivista-XBOX360-part1/America Army - True Soldiers (US).iso,1728217790
Amped 3 (EU).iso,7834892288,https://archive.org/download/CentralArquivista-XBOX360-part1/Amped 3 (EU).iso,1728218043
Amped 3 (US).iso,7834892288,https://archive.org/download/CentralArquivista-XBOX360-part1/Amped 3 (US).iso,1728218283
Anarchy Reigns and Max Anarchy (US - JP).iso,8738846720,https://archive.org/download/CentralArquivista-XBOX360-part1/Anarchy Reigns and Max Anarchy (US - JP).iso,1728218592
Angry Birds Star Wars (US).iso,7838695424,https://archive.org/download/CentralArquivista-XBOX360-part1/Angry Birds Star Wars (US).iso,1728218854
Angry Birds Trilogy (US - EU).iso,7838695424,https://archive.org/download/CentralArquivista-XBOX360-part1/Angry Birds Trilogy (US - EU).iso,1728219118
Apache - Air Assault (US).iso,7838695424,https://archive.org/download/CentralArquivista-XBOX360-part1/Apache - Air Assault (US).iso,1728219362
Apocalypse - Desire Next (JP).iso,7835492352,https://archive.org/download/CentralArquivista-XBOX360-part1/Apocalypse - Desire Next (JP).iso,1728219608
Aquazone - Life Simulator (JP).iso,7834892288,https://archive.org/download/CentralArquivista-XBOX360-part1/Aquazone - Life Simulator (JP).iso,1728219873
Arcana Heart 3 (EU).iso,7838695424,https://archive.org/download/CentralArquivista-XBOX360-part1/Arcana Heart 3 (EU).iso,1728220139
Arcana Heart 3 (JP).iso,7838695424,https://archive.org/download/CentralArquivista-XBOX360-part1/Arcana Heart 3 (JP).iso,1728220407
Arcania - Gothic 4 (JP).iso,7838695424,https://archive.org/download/CentralArquivista-XBOX360-part1/Arcania - Gothic 4 (JP).iso,1728220651
Arcania - Gothic 4 (US).iso,7838695424,https://archive.org/download/CentralArquivista-XBOX360-part1/Arcania - Gothic 4 (US).iso,1728220900
Arcania - The Complete Tale (EU).iso,8738846720,https://archive.org/download/CentralArquivista-XBOX360-part1/Arcania - The Complete Tale (EU).iso,1728221171
Are You Smarter Than a 5th Grader Game Time (US).iso,7838695424,https://archive.org/download/CentralArquivista-XBOX360-part1/Are You Smarter Than a 5th Grader Game Time (US).iso,1728221404
Armored Core - For Answer (EU).iso,7835492352,https://archive.org/download/CentralArquivista-XBOX360-part1/Armored Core - For Answer (EU).iso,1728298181
Armored Core - For Answer (JP).iso,7835492352,https://archive.org/download/CentralArquivista-XBOX360-part1/Armored Core - For Answer (JP).iso,1728298420
Armored Core - For Answer (US).iso,7835492352,https://archive.org/download/CentralArquivista-XBOX360-part1/Armored Core - For Answer (US).iso,1728298904
Armored Core - Verdict Day (JP).iso,7838695424,https://archive.org/download/CentralArquivista-XBOX360-part1/Armored Core - Verdict Day (JP).iso,1728299150
Armored Core - Verdict Day (US).iso,7838695424,https://archive.org/download/CentralArquivista-XBOX360-part1/Armored Core - Verdict Day (US).iso,1728299758
Armored Core 4 (EU).iso,7835492352,https://archive.org/download/CentralArquivista-XBOX360-part1/Armored Core 4 (EU).iso,1728299998
Armored Core 4 (JP - KO).iso,7835492352,https://archive.org/download/CentralArquivista-XBOX360-part1/Armored Core 4 (JP - KO).iso,1728302918
Armored Core 4 (US).iso,7835492352,https://archive.org/download/CentralArquivista-XBOX360-part1/Armored Core 4 (US).iso,1728303173
Armored Core 5 (AS).iso,7838695424,https://archive.org/download/CentralArquivista-XBOX360-part1/Armored Core 5 (AS).iso,1728303624
Armored Core 5 (EU).iso,7838695424,https://archive.org/download/CentralArquivista-XBOX360-part1/Armored Core 5 (EU).iso,1728303892
Armored Core 5 (JP).iso,7838695424,https://archive.org/download/CentralArquivista-XBOX360-part1/Armored Core 5 (JP).iso,1728304162
Armored Core 5 (US).iso,7838695424,https://archive.org/download/CentralArquivista-XBOX360-part1/Armored Core 5 (US).iso,1728304495
Army of Two (EU).iso,7835492352,https://archive.org/download/CentralArquivista-XBOX360-part1/Army of Two (EU).iso,1728306042
Army of Two (JP).iso,7835492352,https://archive.org/download/CentralArquivista-XBOX360-part1/Army of Two (JP).iso,1728306270
Army of Two (KO).iso,7835492352,https://archive.org/download/CentralArquivista-XBOX360-part1/Army of Two (KO).iso,1728330856
Army of Two (US).iso,7835492352,https://archive.org/download/CentralArquivista-XBOX360-part1/Army of Two (US).iso,1728331149
Army of Two - The 40th Day (JP).iso,7838695424,https://archive.org/download/CentralArquivista-XBOX360-part1/Army of Two - The 40th Day (JP).iso,1728304730
Army of Two - The 40th Day (US - AU).iso,7838695424,https://archive.org/download/CentralArquivista-XBOX360-part1/Army of Two - The 40th Day (US - AU).iso,1728304954
Army of Two - The Devil Cartel (DE).iso,8738846720,https://archive.org/download/CentralArquivista-XBOX360-part1/Army of Two - The Devil Cartel (DE).iso,1728305486
Army of Two - The Devil Cartel (EU).iso,8738846720,https://archive.org/download/CentralArquivista-XBOX360-part1/Army of Two - The Devil Cartel (EU).iso,1728305210
Army of Two - The Devil Cartel (US - EU).iso,8738846720,https://archive.org/download/CentralArquivista-XBOX360-part1/Army of Two - The Devil Cartel (US - EU).iso,1728305777
Ashes Cricket 2009 (EU).iso,7838695424,https://archive.org/download/CentralArquivista-XBOX360-part1/Ashes Cricket 2009 (EU).iso,1728331665
Assassins Creed (JP).iso,7835492352,https://archive.org/download/CentralArquivista-XBOX360-part1/Assassins Creed (JP).iso,1728337199
Assassins Creed (PL).iso,7835492352,https://archive.org/download/CentralArquivista-XBOX360-part1/Assassins Creed (PL).iso,1728337457
Assassins Creed (US - EU) (Rev-1).iso,7835492352,https://archive.org/download/CentralArquivista-XBOX360-part1/Assassins Creed (US - EU) (Rev-1).iso,1728337727
Assassins Creed (US - EU).iso,7835492352,https://archive.org/download/CentralArquivista-XBOX360-part1/Assassins Creed (US - EU).iso,1728337996
Assassins Creed - Brotherhood (EU - AS).iso,7838695424,https://archive.org/download/CentralArquivista-XBOX360-part1/Assassins Creed - Brotherhood (EU - AS).iso,1728332198
Assassins Creed - Brotherhood (EU).iso,7838695424,https://archive.org/download/CentralArquivista-XBOX360-part1/Assassins Creed - Brotherhood (EU).iso,1728332486
Assassins Creed - Brotherhood (JP).iso,7838695424,https://archive.org/download/CentralArquivista-XBOX360-part1/Assassins Creed - Brotherhood (JP).iso,1728332799
Assassins Creed - Brotherhood (KO).iso,7838695424,https://archive.org/download/CentralArquivista-XBOX360-part1/Assassins Creed - Brotherhood (KO).iso,1728334607
Assassins Creed - Brotherhood (US - EU).iso,7838695424,https://archive.org/download/CentralArquivista-XBOX360-part1/Assassins Creed - Brotherhood (US - EU).iso,1728334914
Assassins Creed - Revelations (EU - AU).iso,8738846720,https://archive.org/download/CentralArquivista-XBOX360-part1/Assassins Creed - Revelations (EU - AU).iso,1728335232
Assassins Creed - Revelations (JP).iso,8738846720,https://archive.org/download/CentralArquivista-XBOX360-part1/Assassins Creed - Revelations (JP).iso,1728335553
Assassins Creed - Revelations (KO).iso,8738846720,https://archive.org/download/CentralArquivista-XBOX360-part1/Assassins Creed - Revelations (KO).iso,1728335875
Assassins Creed - Revelations (US - EU).iso,8738846720,https://archive.org/download/CentralArquivista-XBOX360-part1/Assassins Creed - Revelations (US - EU).iso,1728336222
Assassins Creed - Rogue (EU).iso,8738846720,https://archive.org/download/CentralArquivista-XBOX360-part1/Assassins Creed - Rogue (EU).iso,1728336531
Assassins Creed - Rogue (US - EU).iso,8738846720,https://archive.org/download/CentralArquivista-XBOX360-part1/Assassins Creed - Rogue (US - EU).iso,1728336842
Assassins Creed 2 (EU).iso,7838695424,https://archive.org/download/CentralArquivista-XBOX360-part1/Assassins Creed 2 (EU).iso,1728339194
Assassins Creed 2 (JP).iso,7838695424,https://archive.org/download/CentralArquivista-XBOX360-part1/Assassins Creed 2 (JP).iso,1728339473
Assassins Creed 2 (KO).iso,7838695424,https://archive.org/download/CentralArquivista-XBOX360-part1/Assassins Creed 2 (KO).iso,1728339762
Assassins Creed 2 (UK).iso,7838695424,https://archive.org/download/CentralArquivista-XBOX360-part1/Assassins Creed 2 (UK).iso,1728340028
Assassins Creed 2 (WR).iso,7838695424,https://archive.org/download/CentralArquivista-XBOX360-part1/Assassins Creed 2 (WR).iso,1728340294
"Assassins Creed 2 - Game of the Year Edition (EU) (It,Pl,Ru).iso",7838695424,"https://archive.org/download/CentralArquivista-XBOX360-part1/Assassins Creed 2 - Game of the Year Edition (EU) (It,Pl,Ru).iso",1728338288
Assassins Creed 2 - Game of the Year Edition (EU).iso,7838695424,https://archive.org/download/CentralArquivista-XBOX360-part1/Assassins Creed 2 - Game of the Year Edition (EU).iso,1728338610
Assassins Creed 2 - Special Edition (JP).iso,7838695424,https://archive.org/download/CentralArquivista-XBOX360-part1/Assassins Creed 2 - Special Edition (JP).iso,1728338910
Assassins Creed 3 (EU) (Rev-1) - Disc-1.iso,8738846720,https://archive.org/download/CentralArquivista-XBOX360-part1/Assassins Creed 3 (EU) (Rev-1) - Disc-1.iso,1728341274
Assassins Creed 3 (EU) (Rev-1) - Disc-2.iso,8738846720,https://archive.org/download/CentralArquivista-XBOX360-part1/Assassins Creed 3 (EU) (Rev-1) - Disc-2.iso,1728341590
Assassins Creed 3 (EU) - Disc-1.iso,8738846720,https://archive.org/download/CentralArquivista-XBOX360-part1/Assassins Creed 3 (EU) - Disc-1.iso,1728340630
Assassins Creed 3 (EU) - Disc-2.iso,8738846720,https://archive.org/download/CentralArquivista-XBOX360-part1/Assassins Creed 3 (EU) - Disc-2.iso,1728340958
